audio_pcm_loudness_sma_kurtosis,audio_mfcc_sma[3]_linregc2,audio_mfcc_sma[3]_skewness,audio_mfcc_sma[3]_quartile3,audio_mfcc_sma[4]_max,audio_mfcc_sma[4]_minPos,audio_mfcc_sma[5]_iqr1-3,audio_mfcc_sma[6]_skewness,audio_mfcc_sma[7]_kurtosis,audio_mfcc_sma[9]_maxPos,audio_mfcc_sma[11]_skewness,audio_mfcc_sma[11]_quartile3,audio_mfcc_sma[12]_kurtosis,audio_mfcc_sma[12]_quartile1,audio_mfcc_sma[12]_iqr1-2,audio_lspFreq_sma[1]_maxPos,audio_lspFreq_sma[1]_amean,audio_lspFreq_sma[1]_quartile1,audio_F0_sma_skewness,audio_pcm_intensity_sma_de_skewness,audio_pcm_loudness_sma_de_kurtosis,audio_mfcc_sma_de[1]_linregc2,audio_mfcc_sma_de[4]_maxPos,audio_mfcc_sma_de[6]_linregc2,audio_mfcc_sma_de[8]_max,audio_mfcc_sma_de[11]_skewness,audio_lspFreq_sma_de[0]_maxPos,audio_lspFreq_sma_de[4]_linregc2,audio_lspFreq_sma_de[7]_kurtosis,audio_voiceProb_sma_de_max,BERT_87,BERT_213,BERT_323,BERT_356,BERT_439,BERT_468,BERT_481,BERT_482,BERT_485,BERT_519,BERT_536,BERT_555,BERT_585,BERT_599,BERT_612,BERT_661,BERT_663,BERT_703,BERT_712,BERT_732,Label
0.1846368482031875,0.4765607526019354,-0.7609250796756007,0.9538123589468546,0.7995219876166889,0.9926660895574375,0.7238676595076763,1.3616168617581406,1.4230649510268725,-0.07167312653611227,-1.8292378916721015,0.02752808751706213,0.9907974273659186,-1.7003823345969498,1.7519796555459592,1.1662017549226027,1.5971607043270495,1.4035218139576484,0.6316872873160317,-0.474695361552422,-0.013158864968391323,0.4440103400302437,-0.6015748773929482,0.9758879296933606,1.5174109707527892,0.6199789964137371,1.314592155168467,1.3142583877607823,0.8947132966589335,1.489234653426657,0.19165290843368882,0.3566421758204011,1.5267077393607484,-0.7467469199667325,-0.4999823117713652,-0.2688058330155836,-0.607885611888171,-1.273724431718821,-0.40252166500110814,-0.16565982812791777,-0.2867711806118507,0.568155946680583,0.20376928367479574,-0.6161670186510434,0.8291116157810405,1.2169429372467084,-1.6276013687690416,-0.7753615104759891,-1.5374506673156723,0.170054008707092,0
0.4002504921265059,1.5286392000268572,-0.19024111719631,1.1465862432387883,0.8381380368510636,0.24139576185144732,0.05847591323943985,0.7784180118905699,1.6432850221392428,0.8412707632348951,-0.2680298498295413,1.0350470879164637,1.6769647511550547,-0.7725720087224738,0.8189386175823582,0.05871679561784397,1.7924911293558778,1.9901711541192233,0.22808455754532445,-0.9012229516500713,-0.010098622260586216,0.9643254447246121,-0.4759791176583541,0.9278496052718936,0.8412579068754471,1.2608691995037542,0.9213887769101374,-0.6051648448940515,1.0531162109159233,1.4721826691869082,-2.5230820682527564,2.9018688256840663,-1.4344246152182323,1.111087861164043,-2.0247037110553276,0.38966179699724723,-1.3155820122492305,-1.8515778399857978,-0.5790257462590683,0.5271244702042291,-2.060185415217287,3.074229067078945,-2.046811966168952,0.14978930339440477,-0.25800888967400504,-0.06986217254097106,-0.8411752918965272,-1.1967009833401978,0.9979203754345144,0.19026969548561012,0
0.1875775611661931,-0.32133989509264527,-1.6924157774535122,1.4009114799746352,1.0726778191310873,1.8093878932551781,1.4130244981912339,1.0475305498255785,1.1872891538011507,0.8742723497859338,-1.18695405744235,-0.44741487522540524,1.037793675339828,-1.6102855768213125,1.3562152636432487,-0.36861836817650184,1.481473490158298,1.1946127566063562,-0.6477115549868347,-0.39939609084538547,0.015478390587008322,1.290018010434048,1.4626323051627432,0.5355401376632302,1.0597946838878103,-0.41493536550106425,0.7773251449726842,-0.7968967828178735,0.7719858525784838,1.4917921772378002,-0.021829974397120817,-0.40044585239164,0.8016796906358223,-1.219457657470918,0.6620006129743647,-1.7087514976975007,0.6454252829013574,-0.5405078586790664,-1.5851751550248065,-0.008476548596234193,1.0008139281776303,-0.8686290941240006,0.41407683203233336,-0.1502912060814427,-0.03896785420219231,-0.9573861336686486,0.6113245547527159,0.060260461581701945,1.3800520185552223,0.017736264328661308,0
0.3122932801710216,0.8980243641893111,-2.0856429564353687,1.3437688360934485,0.6622342158793654,1.0643895340748029,1.2517822162466132,-0.01183664213252104,1.416730800418549,1.3779215627182633,-1.0671858405524852,-0.09627267011733143,1.4330879474489802,-1.4175151574301041,1.1525244374355397,0.9791769020310293,1.5472342353181243,1.3656240101005679,-0.6522996390917015,-0.3287988096625619,0.084177218492349,0.04090488892879,0.10112902843279852,-0.5002807420071332,1.2224194624010098,-0.19366859456223656,0.480939934504177,-0.7049475566168407,1.3361226071546493,1.4123510334466352,0.6402095263424055,-0.06388674034765904,0.10499612708510396,-0.6635446926847103,0.3441582741817512,-1.3885508512297,1.7884655968065708,0.3990804348450279,0.2183667301864824,0.20648317985314874,-0.2695309089348466,0.926651991872762,0.9646625445104717,1.5448738025561903,-0.786036139684225,-0.87042762898112,0.4175622630579245,-0.5656744108972472,-0.4528661269504127,0.8261685609489219,0
0.17648808012114747,-0.7997553475449705,0.44523278633931473,-0.06720200445823514,1.3750300329122116,-0.4554338790522054,0.6864683642446658,0.34033833782367023,1.3789648099245908,0.8855228906556061,0.5225762541541327,0.0029795065552950493,1.1429259570133126,-2.40901523381494,1.763786805729728,-0.3833109451321231,0.8780557590876843,0.8594168857186665,1.880052887880416,-0.4750673058870549,-0.04816194213959583,0.7720631692450335,1.6639042656052059,0.6724522439034583,1.4307501162619758,0.9270903689223255,-0.13467747200846628,-0.14684235952861185,1.4086918759611522,1.3533992881253274,-1.5203772770514732,-1.0738510764129703,1.9478791612417412,2.079058238383631,-1.412202521311706,0.31358678833385445,-0.18746424393409916,-1.6176330161992571,0.07550592842371806,-0.27420819497384297,-0.7947898521068716,-0.5563414659247469,-2.621147397331624,1.7204052320291932,0.7829515740411687,-0.6144664223032553,-1.007952366524185,-0.6704607235908826,1.3761828769532842,1.7556470812519884,0
0.2638766263023754,-1.5934077336568289,-0.9670613718102712,-0.3458586346229141,1.0595144309272972,-0.47929523486521153,1.1838582645217646,0.08362549262680809,1.3000545890391264,0.6934386562074012,-1.2700816966179342,-1.2608058091692476,1.0723317549730589,-1.5680602873312774,1.0754998268002964,-0.3484977792314731,0.9524640906035491,0.89687927940142,1.308984890843217,-0.2200157064927317,-0.012765973459321277,0.3523518540370412,1.2472481727812117,0.22698906400098454,1.023707742272881,-1.8770984474651715,-0.19323382058127167,0.14470610676563328,1.4441250471159908,0.9973065402706154,-1.2207260115349998,-0.36164854238093846,0.6746275007511804,1.512882251755314,0.08970552187042767,-1.2601473935899519,-0.813938486518174,0.32013629143982114,0.629903567098437,1.9005648992672062,-0.06853537242239638,-0.28506895705732116,-0.42805725173785725,0.48036402930926975,1.946879987132219,1.9283472917480016,-0.9054671843371939,1.6369841464997696,0.9260925654402115,-0.7400138563459177,0
0.13694755318724966,-0.4871207374884956,-0.20202489939272128,0.8649720044049292,0.8910742551301014,1.3057070075247956,2.496992208016405,0.3705397865228036,1.1131721527074072,1.743164121751691,-0.3860096775026825,-0.4061925498509219,1.627688832490971,-1.3409236982910424,1.2541373092296517,-0.3494071843815309,0.9340304714721782,0.830311018073962,0.27479069300652087,-0.47725302840484973,-0.06506164885882533,-0.8802487918391559,2.3001601487305994,1.8066068512379976,1.589949623166905,-0.20636715280676965,1.739350899046586,0.14019810105627642,1.4600740741426157,0.9094808805161522,0.47338768047355645,0.6039221107398706,0.3366263895228657,-0.24377628909612684,0.11704063203743043,0.32363972360024884,-0.11422584570570835,-0.915403467834533,0.7091720757693264,-0.07781594555891787,0.3834158826785029,0.3931081549528888,0.5546879933437059,-0.10018335009431906,1.3685385351397525,-1.4977831245517301,-0.45859203620112643,0.0033047482118787434,-1.1395138040661907,-0.2729608909702685,0
0.3207400884339705,-3.048194639857232,-0.7553573149627774,-1.695696115080805,0.8809766553866673,-0.3583995571070252,0.2614661223139197,-0.830133019332695,2.0724065060004984,0.6188600708424402,-1.5873131365994737,-1.4817424504916885,1.471575440562376,-1.6169593036892154,0.8066131110848137,0.6626186530780985,0.9276795198001493,1.007602598151033,2.073779892084533,-0.2024783102377041,0.03718136259932284,0.3796775029110608,-0.7244972930807969,1.196139994013178,1.134014833273259,-0.6722289622262119,1.9483019719452719,0.29753075868773365,2.0719320623631776,0.9698820718803202,2.0091735511090074,-0.9257098101939322,0.6769621154589253,0.09684673245926737,1.8497909299462783,0.8192813243448627,0.1107720047645771,0.7107234471405055,-0.05082402382899386,0.5378877097333876,0.3867854340324158,0.40476168658763545,-0.42005460131394434,0.09880587463577482,-0.05137810753868663,-0.6582888790440594,1.1231739193370924,-0.37532904682361057,-1.6713995224816327,-0.9053442493139116,1
0.2409958196177722,1.3043541848661246,1.2651966185823327,1.1869839144085743,1.585279739221495,0.7209922884434685,0.8086515551134509,-0.5876035995181792,1.7176330644563187,0.7212399927564581,-1.3279919908577194,1.1783026139093582,1.7437716658492948,-0.7756926691057228,1.1647679089805256,-0.11381441269468336,1.5642842801162207,1.6651698356379603,1.7010903612286672,-0.42236316147893616,0.2368894834161795,-0.3504575122420889,0.2899082465029702,-0.26869233360483846,1.761411898989756,0.37814881902721936,1.2475276191961941,1.0746942107854152,2.4455081815224142,1.5456215729416432,-0.8935113762068753,2.0093668212428337,-0.713152898226299,-1.8826433469235482,0.40138541344684575,1.0198300815476837,-0.6567219095082985,-0.7917582449814835,-0.25070986045318533,-0.6286684101480674,-0.803452257191593,0.2993814616852372,0.09792257210781508,-0.7338481813843806,-0.7418370281937424,-0.060067957290593395,0.32424224989862355,-0.7604662567647753,-1.3619722095570392,0.2005103589381288,1
0.3472471908411969,0.561923343929507,0.6900248396357348,0.9587205134697739,1.6334727497576262,1.3399937687981573,0.8574969747480223,-0.6647247133058952,1.3741184545874696,-0.2448064499194025,-0.47090365931561223,2.021135269151819,2.043581985837614,-0.4561779076818219,1.309102688438684,0.8279882958339208,1.6032355991939369,1.6282794295090026,2.5505769566203704,0.5402503499470698,0.29500383582648115,-3.1658648931206685,-0.20921022807063053,0.5021958479273801,1.488201262782518,0.9871596903717788,0.7075580082970512,0.7443688096893487,1.5830814006417886,1.5922457249034576,-0.43832115892803714,-0.31911256145911504,1.120400337854129,0.5340538652100045,0.15816683469785886,0.3112149004435066,-1.2754220497856432,-0.8387176331696001,0.48891162196819815,1.3149128839718804,-0.2788441984026794,-0.44317481606256104,0.4526914613346721,2.174484286707681,-0.21887487383423246,0.05399997803347643,1.2735996280098985,-0.8798528319839105,0.5568400193347673,0.5966294683663306,0
0.4952560568499042,-0.24294536271625444,1.704532620737275,0.1178440004956401,1.255975634649639,0.9070328126210419,0.4168705989456393,-1.4529170384154246,1.5126034617822535,0.4460267618823413,-1.3886247934638851,1.0561196336682768,1.4813645227073782,-0.5522621004821551,1.089221888486216,1.6120092108274975,1.698965452795551,1.8485891626641524,0.34414721131453796,-0.9944783726473087,0.502089552092512,-0.4625497878961296,0.9311252392535738,-0.148284772277053,1.3360939957487403,-0.7326284380940341,1.5962882303325996,0.6589913924312735,2.4330572576457663,1.576376663882567,-1.7071939632092474,1.059588270283741,-1.4131999470866048,2.2940792679031725,-0.17038566899624172,-0.39149735356488446,0.3557487622415575,-0.32660860762886423,2.2167266069286002,0.9141576630052174,-2.249494331932285,1.3778754408256482,-2.4781421810806097,0.2627260489234919,1.2685717849277096,0.37992411276220595,1.774953175512499,-0.7174135540269458,0.3567537051947762,0.12715988756487823,1
0.34546586570851484,0.7965900564909179,0.6567918094014054,1.089999475561763,1.765245352628932,0.17218110474432796,1.506374333026834,0.7012866271877769,1.245271054538365,-0.4562416146634437,-0.586466281886164,1.5362901905249537,1.3707470603794198,-1.0763471880552398,1.4719051371968999,-0.09380749939341186,1.529993681711713,1.5168159134630332,1.727657733513325,-0.46923274938616605,0.38338368602659517,0.7592928961633173,-0.26028652250219797,0.24516389988318793,1.571453156482243,1.5540128056224507,1.679017840752127,1.129621252961958,1.0775804398720914,1.6011066960521292,-0.3224127642759857,-0.15366200478030587,-0.7262819258364718,-0.34090388013043976,0.5792544784425548,0.8745289117829518,0.41028901775184484,-0.13294528009286624,-0.31435833645612715,0.08216489446314648,0.49981360511973993,0.780649223804807,0.37358986814115963,0.006018365558164084,0.49527285322570036,-1.0939660632166497,1.210796178315033,-0.4570167891829513,-0.4880201649589935,0.09162866183788414,0
0.3426642817773833,0.47999650595393517,1.2427376686039615,0.7518911576416509,2.5019365587425066,0.06750891890573224,0.41259840722561514,-0.6764680880184867,1.6476189146607274,0.765492120177169,0.01046892461329632,1.8252745689813565,1.6282236923419016,-1.3916577171996205,1.7081916203311336,1.1406815728991058,1.6244357089303452,1.5801662331003994,1.600051027350297,-0.25094642102886244,0.8009067320031121,0.8556360868703409,0.6737644642918964,1.430203432963444,1.297407702995586,0.5151620930515609,1.5007963388138708,-0.15230762294573813,1.0910777196885217,1.6012499977075,-0.6655069860985976,0.19678528808828977,0.11301030238200098,1.123862604898443,-1.1624596091582742,0.5559106587714999,-2.085749350818261,-0.10013653898903503,0.667840274780939,0.12618721453726262,0.2382971892349189,0.17549199263248763,0.9909443936563966,0.7627166860166914,-0.06589796296047164,-1.747017525047605,-1.9086440309430561,-0.3190749882008116,1.0123657221438265,0.12811024384448888,0
0.2321390698119593,0.5563540432382846,0.6549588775303031,1.2104062957626174,1.476159842149278,0.9013183524088149,1.3743368299546321,-0.0751796775139464,1.0701516471683286,1.6604101433547682,-1.3951972555217964,0.9238120034197161,1.1227519400823596,-0.7875352606819346,1.4295120230080476,1.5163227376948538,1.4835138098825882,1.2820382817204314,0.38913444410696035,-0.34516543522692544,0.11710245172301904,0.02746032999721587,1.7852843674199323,0.39096150423236703,1.9437356962544179,-1.6610715623197942,0.3008416265219205,0.1314719969396764,1.0359593901759496,1.597422839484758,-0.014822520294616214,0.028886302530087955,0.6907024029018642,-0.8362215984245771,0.2567867027078725,-0.8700973243138004,1.6432436151377643,-0.5256917274299738,-0.10691491213399394,-0.49465427051704364,1.330308179893852,-0.7718964742191105,-0.48069798074435754,-0.3848343515991814,-0.26282918945698086,-0.2176239227667393,0.7522773511592918,0.03141456636861651,2.027300552613159,-0.3879954014590089,0
0.4370212422814315,1.6277788535077644,-0.5163486044842743,2.7800347250094286,2.334311875710703,0.8442852519492232,2.012590500148757,1.8711902506590248,1.2485847445881677,0.9914779844459864,0.3255082648351673,1.4522838853579978,1.118441261615163,-2.0427416994974843,1.8822805751319798,1.2401193422757377,1.1294243994371116,0.7363163815092685,2.213157902763102,-0.4902660855417614,0.20687081777900193,1.557099787314398,0.9047259667919635,1.2875363209501982,2.059027966106314,1.0614201465388042,1.6942575058294085,0.45682724767919586,1.0225301590859435,1.5589394993971712,-0.3304394133214861,-0.8660871461226172,0.2642603704460247,-0.4733631718037699,-0.6378530814702844,0.2626230611976116,-0.5774153769938599,0.017233552361378912,0.22364240133402305,-0.9948200364752873,0.2026866411421165,0.014477659835220633,1.1317709154868958,-0.23334758048897805,0.4190849455950172,-0.5646050311425926,0.7743732575668968,-0.17650418713348376,1.1518051522585473,0.46411830469370446,0
1.7342851332156415,0.6013981092568592,1.56273584183617,0.8127428771965414,1.4017636850696427,0.4598553944525325,0.6689750117718325,0.9791316676538457,1.3753901653073783,0.9634266358776036,-0.4701030754600362,1.2954857549012018,1.4023215159848346,-0.6677707756979336,0.9320795246220521,1.536102299708611,1.5793315146963267,1.645920984478217,1.48490527962218,1.3898437738674028,1.7553400283607412,1.7668663901873225,0.004683000900216246,1.2354589845891246,1.3228006797452128,1.3828057995687082,0.8197409615670882,-0.5515460842728556,1.5612665164528792,1.606237260414169,-0.694342850389474,-0.22359490878914506,-2.1333023268602664,1.307529115283854,-0.5848063681897822,0.6793611804852017,-1.2610390329615742,0.8288922434149756,0.052975961214191146,-0.47742934269460435,-0.7326668752897592,-0.4950355448064723,0.11305517463033762,0.7959924986657135,0.9883711933753937,-0.2621853760721378,-1.1107630184252126,0.059101310328203926,-0.352194271589292,-0.2110234820303226,0
0.27817582595087276,1.170239048565956,1.737630692918847,0.7287325429935793,0.9593301289605677,1.2987102781917763,0.8792815875241443,1.3860972336746504,1.553424155741768,-0.3488614523629049,-0.7872207941618731,1.8568101340744252,2.0481658285951494,-0.4940855833438967,1.1517952741719626,0.2857270562010211,1.5987657163598004,1.641082721506911,1.6917633497339644,-0.4880657127100739,0.20369293881112568,1.5402825967067857,-0.7156546935415623,1.2117893792098744,1.7923905892235195,-0.3852106192230069,0.25196959713615596,-0.41713635827129036,1.0560047227551321,1.5813201146181672,0.706070998952181,0.8269056839690206,0.15400490249244583,1.7777607029453792,1.1262783612544416,1.5041379556899745,-1.6542800473902959,-0.40441721446011836,0.7285774391144141,-0.5435626580279416,-0.9475039880484449,0.12423888324813954,0.0842127323095763,0.10064498218911547,0.27171014329647236,-0.7967474968087634,-0.6821083623160387,0.8258272304046332,0.07565395106907648,-0.8763223895625363,0
0.2992190141394718,0.6376891490755687,0.7088387868958296,1.4183507234251795,1.7044252637219086,0.19944326126900083,1.090468634381961,0.47661018279397444,1.2816126188189678,0.5197553063815937,-1.0790793073341558,0.9443539912769089,1.3122294307628064,-0.966335072454439,1.2532832959585953,0.5725022864895589,1.5230165845090726,1.4075744778879247,1.4983459296539732,-0.4704758281898467,0.2803373821069726,1.791239830887855,0.13066433910309092,-0.41018063989407655,1.1726314343529978,0.0344522403930538,1.006996156597132,-1.1003108414791303,1.5654664610699478,1.60044495273911,-0.030086066151711492,1.11628188748909,-2.469683437142599,0.9456885475502285,-0.900401875702001,0.4127554898611574,-1.6751047240780843,-1.846503554210719,-0.9783449625206697,-2.010279171395801,0.18482173542073022,1.0238382754236273,-0.11795831119559821,0.3265235998675244,0.2815083862746299,-1.6743793424456175,-0.587742777700394,-0.9232073303174366,-0.3085127050407448,0.17256576115021724,0
2.0692621094518313,0.8723345298929134,0.8000911496722248,1.0640119438416162,1.537898158497476,-0.3994879198037203,1.0139505550868095,-0.24574114955350954,1.5962974561402568,1.1369099760879502,-1.0498396825958656,1.0283289719925222,1.2052319165877343,-0.7959726264199887,1.0935661458145296,-0.10477719901598402,1.6828653197929762,1.7272883538419737,1.0177106537833125,-2.4534181627161487,1.4670645533049578,1.1716325838854202,0.4843683206724758,1.79952290737212,1.176560858492356,0.16917370194186937,0.4789380080572435,-0.810679180269274,1.2027488116999572,1.5520573689417756,-0.31800159782853793,0.3131169758030946,0.2079505787673953,0.06844524762957244,0.7029117620410755,-0.6924846497379734,-1.0941262502092193,-0.8201574409173165,-0.5376688686453798,1.6320672193114785,-0.28796278063364567,-0.6140983682824437,0.35729990625451163,-0.7631559899724532,-1.7598558896448193,0.828204489924177,1.3356812323747032,-0.8254643824745626,0.24989913028075503,0.047727744338288275,1
0.400166067657993,1.122784495467885,0.40302909008083015,1.5210042313968406,1.5144723307314818,0.19166602029723834,1.0913325241107144,-1.0088859003156398,1.5227247991893897,1.1873374003860147,-2.0234815118465477,2.0871091318290618,1.1717536518443095,-0.18154712190050115,1.184520356760691,0.9419481287005382,1.5837438171479847,1.6558334506349512,1.0221234121852307,-0.4806763294214563,0.3410030134062165,-0.7137089295687419,0.2741509397659039,0.07559157698667622,1.303332978037426,-0.5628655945010248,0.6075117341115487,0.12017617985962584,2.006590479415552,1.6027231752346895,1.8713022094073448,1.2952728167910554,-1.2689205686939606,-0.3829322811253473,0.6689715618296637,-0.18040466024490198,1.2242829648176958,-0.5704675344292836,1.2775101767365138,0.8588453261438016,1.2366709479990179,-0.33883713592981995,1.690211048510228,-1.2560392426668048,0.17380717604787913,1.58006125540953,0.08812646807701215,-0.13745327798421547,-1.3011513547655116,-1.068328323479914,1
0.24978110457828306,-0.05452490166593996,1.2817463642317557,-0.08615414019617394,0.6866595301521249,-0.09536713485056998,0.8171776990390727,-0.846750651588287,1.8329257836721757,-0.4995186952087831,-1.9027618385444465,0.36451947173099347,1.110129039078042,-0.44614275137780585,1.000921557280192,1.5521589843893189,1.5470114814956208,1.5529940332042451,0.30848067197346896,-0.4141171276593591,0.19930027846395965,0.24490901191219486,-0.5003990873161241,-0.09271306401118858,1.3635480666695774,-2.6743574095161686,1.4542515489226664,1.0104964755626635,1.0070315633781581,1.5367286555640673,1.289815644004954,-0.44269671988272713,-0.3742609471752925,0.3346501796434551,0.8978634390230533,-0.693802891545786,1.0168233327918514,2.584774071151654,0.6833395451836752,2.2975375853208346,0.8291354727217943,-1.6841408371033033,0.5460307174627231,-0.5365947223365984,-0.9274461253941046,1.2914579892402518,-0.8871865385327953,1.2091630728677707,-0.582219586590145,-1.2625156495049539,1
0.21859732275660698,1.2698885008954415,1.059566525579299,1.933210566457188,1.2721136850759447,0.5991767219681919,1.122459084548632,-0.5777654795523687,1.3283644204350307,0.3335963567914162,-0.4213706117496829,1.1373622085969608,1.0652591978604147,-1.5888666907371256,1.5150594442323995,1.3069322018940464,1.5166314136383139,1.387674372193931,0.5517000687559128,-0.8538129117486993,0.17360899524928436,-0.5258417743610199,-0.4671879285815569,0.17924751763652308,1.348900952839924,0.2058401108339067,2.214608237548603,2.1207952970245736,1.2754388029332542,1.5473722262856022,-0.7295220233956584,-1.0440055986797192,0.8409475527639575,0.5202308808501567,0.12468663501574911,0.3364198821631615,1.5824812122946845,0.31180794920301125,0.23324477650536363,2.030492317598974,-0.5166867359707042,0.018927318481869265,-1.8422351029098818,2.1005033792245307,-0.34504086974918663,-1.696034749105322,1.0387389387730428,-0.2959896264270713,1.9363036355315373,1.3314022250437445,0
0.21585206334173798,-0.8955583731559205,-1.2486671720467852,0.06152380826976094,1.4385502444844334,0.7548887938974584,1.1487306178737098,-1.004975869196677,1.6888890959746636,-0.1552771457987437,-1.4666180563962032,0.523454190806468,1.2932643222083722,-1.240138395248907,1.25003556160173,1.007737907525032,1.5768542421267122,1.5169260685156833,0.12794672947738636,-0.4239509346372765,0.09597654336451607,0.2210440975241086,-0.2333988506474322,-0.21473834263312153,1.4897537560179548,-0.23916772710412124,1.7171044914050373,0.05934443397508569,1.002539493266064,1.5871215497871987,-0.8096058722396189,0.6189123864006318,-1.621788948079688,1.1064548580438016,-0.8671424954935559,-0.033176160414685664,-0.19202193324524505,-1.0285655181607067,-2.1949469413366596,-0.2709256515228037,-0.6198257637028209,0.12083275067527031,-0.7557608975878466,-0.3608428481935427,-0.15282997404254714,0.3306107019861729,0.022757329002474763,-1.3613044639310243,-0.0813583956680748,-0.11064041017375931,0
0.07623788672667252,0.3047906128336125,0.42978470142970016,-0.7109835063590719,0.08030612398028311,-1.9816686377831758,-0.6563993040407661,-0.27856044200407526,-0.49137096446175865,-0.7776570667090147,1.3182287573665292,0.8769721597710779,-0.3654246975295485,1.0665667452682015,-0.9071032576779918,-0.7328635496855882,-0.5777839283830141,-0.3496836752976232,0.33586307185021225,-0.5388032112613622,-0.15405670949997624,1.6475899153168372,-0.24267843911738482,0.4410953408445255,-0.9166819333844108,0.4997874057488637,-1.2176446075577392,-0.4627585384972443,-0.8501443128893191,-0.6569659438331442,0.14568041144241156,0.2692522053124801,-0.08270029159207276,-2.0525510278755,0.7670471547972295,1.7225951436819469,-0.820239540577133,-0.653430483417454,-0.4983215303497522,0.18847605846613838,-0.16259529677942822,-0.626464129411562,1.3032071106990797,1.1369408057125814,-1.175607615896227,0.6595775730247928,-0.060715772317411994,0.14041621104644197,0.27221612068814816,0.4503932268589717,0
-0.07080399201168763,-1.345436091599215,-0.1336048563494876,-1.1731497578669505,-0.18668794867475444,0.20011227124506642,1.0846452548668342,-0.7513767050308258,-0.9400711256181021,-0.8651612734731325,0.14918446717093256,-0.6044133516522483,-1.079613777232003,-0.327359350262956,0.04724758483446356,-1.193249906902347,-0.7521702296043974,-0.866965848216257,-1.1567746694697263,-0.283297511556297,-0.23871401804830072,0.7056889622142087,-0.8004819565632898,0.03431592615133933,-0.42735741791715387,-0.7129916985106519,-0.5520040639523447,-1.2993683106967038,-1.0409085250401102,-0.6295834619151223,1.9188081919594382,-1.3138549593407634,0.15678852320530934,0.0269840666226064,0.5387113675520713,-0.0955011469112378,0.8578123018045807,0.6816902443169355,-0.13015863335713748,-0.33923734362140495,1.0811254959952494,0.6679916059863324,0.8077368745530293,-0.378109574963045,-0.3366601358271236,0.6421291880062273,0.7154027949507351,-0.06534494410207367,-0.6878766960891848,0.11817442440484735,1
0.31178299500709483,0.05749621635684612,0.8870543723996736,0.31429606426435336,1.7333912184954945,1.4338781687726954,0.7119489658986974,1.0404257103736827,1.524329886257105,0.4972292234403165,-0.12337584134833632,1.44262061841509,2.0862289787079047,-0.9646745885616921,1.3745482779614169,-0.3203914763124994,1.5771592536384709,1.694445773752466,1.1242451058649126,-0.28254283684926357,0.27426925502676985,0.24480029249367188,-0.27897422559819673,0.3491187721281181,1.1117831894538632,0.5199142764869298,0.5537099608502104,0.5173521779378052,1.2424106844650398,1.5804265329582425,0.10751261678514226,0.4266157025191961,-1.1331724397228533,-0.29533000093487227,-1.0639925198064855,0.7470417324869639,0.10096699515851956,-1.776145891499545,-0.15761584750244204,-0.5447345894561653,-0.4877743648607812,0.7694491896693052,1.6209197508032527,0.41942524370086626,-0.42156841562567904,-1.467744357399158,-0.926263536672322,-1.739659278157229,-0.43341289683549794,-0.0584355350041156,0
0.2795763063870344,-0.24307738085260905,0.710709325374693,0.1475625671699489,0.8872707504385613,0.14759498812391747,1.3109346196699176,-0.6262574800714437,1.301724225954587,1.1400601275314586,-1.4003858761178034,1.0714722040863336,1.5837255422292578,-1.289471151608819,1.5804622187002113,0.09665604172181762,1.5207946398069068,1.4875150416035015,0.057628289069407486,-0.38704579040509385,0.18884357090688225,-0.050901495554495406,0.4091548141265441,-0.01787966679671999,1.7212650466980108,-0.8081957487537804,0.47978882679719026,-0.5909195820781585,1.0377092959190524,1.5371494330362077,-0.5337495104031541,-0.01550599697915287,0.6458223716826332,1.279083612261274,-0.6863519569429974,-1.1920329786115234,-0.21253521592563338,0.8379443151717982,0.21291355034299206,-0.03473919126712855,0.5081076786799452,0.24496363092655588,-0.2210026236648179,-1.1680309578466095,-0.3674493040500507,1.111207514390781,0.025307907288280817,-0.5908139039668964,0.7979860975513134,-1.1580820726657677,0
0.19639646014940704,1.5467350080221558,0.7687085064514677,2.2239951029466565,1.6121451471495625,1.81487935014205,3.2940357745336035,1.2356143381021378,1.0556712270552218,0.08815955741903206,0.8234572950530141,2.283360082455837,1.251675580310195,-1.182580585658314,1.6710971143131073,0.6129708156671307,1.5690098198485631,1.4045574947398303,1.102350518953776,-0.44157065390443906,0.03585608473297194,-0.061967929933386866,1.512371927570938,-0.08056420368521959,1.5994454843700938,1.6905259094661433,1.7112738806283434,-0.42276119399444023,1.0358546122206191,1.5692471783405115,0.13812392440278395,-0.05118755924699087,0.7072217100316947,-0.6936264289510311,-0.9009884853451275,-0.010812085637431102,-0.27065017157902627,-1.213307392247089,-0.5178660830532507,-0.28876626008010814,0.2811013636171484,-1.5765337475801398,1.4322566127052712,0.6173195302778703,0.33263227301834797,0.4416569361085591,0.3662778258583384,-0.9929449277097756,1.1747934445235286,0.357535780342461,0
0.21836420530351394,1.124677874220067,1.0038803637474218,1.727599950694505,1.1852639957726434,-0.31942972600120445,1.2276447061094533,1.5107126525410324,1.2286915835836378,-0.15070192584507694,-0.552521526409744,1.1761849504800328,1.2560263993315062,-1.129656968964268,1.3433684593396058,0.370386991889214,1.5297179539373291,1.3933942477318875,1.0641123385306048,-0.4466936158078847,0.10883221465298695,0.2688896598748378,0.030645284431108595,-1.51560728855294,1.2353153875859153,-0.04100723169747526,1.4648867831720007,-0.42162164342051794,1.0249144270151236,1.5740683206568777,-2.8815325907549183,-0.2688801528763445,0.5494860898877155,1.005443632996385,-2.1538042341485055,0.08626605061540901,0.44913162897135916,0.019158623314099413,0.8889198607739128,-1.3156770325105513,-1.2494213288005929,1.0155647497884732,-1.2971103154593007,-0.3800471675892973,-0.28019559787477477,-0.05014001885233662,-1.2243150426833387,0.44664828205171875,1.624724557153417,-0.761818145433223,0
1.046914506347869,0.39714398962431247,1.986725509790044,-0.05542697866360206,0.593671879287243,0.6892700654116917,0.3394357353298975,-0.025106841496729017,1.5579229652523092,-0.3076094691741065,-1.7976451783073242,0.8194575304382511,1.4939681353934848,-0.4165297140928072,0.7325110364885246,1.1873170057505071,1.635388813800833,1.7894995362625743,1.7401023045232977,-0.6492886538364391,1.153556100463909,-2.128898327731698,-0.2736018322734873,0.5276559663941621,1.0150333531350524,0.18033483193607616,0.36502839322672637,0.5071474761290758,1.8196372806672059,1.573351812380023,-0.4997221137235696,-2.550069568030158,-0.6544452953949599,0.31475692397767707,0.5811343612293918,0.1564230705801952,0.7271835095109382,-0.9115681970836137,0.7964420002299976,-0.7256534061743216,-3.036900267531453,0.9188148506236747,0.09294256352918256,0.9044550538412954,0.5525627761980536,1.5912247296771325,-0.6279368343941685,1.7939180563917343,-1.5242489378172779,0.8698947507826014,1
0.008636006035519648,-0.8531650746836598,0.5702773115559967,-0.828440122764389,-0.08801622617180586,-1.5225884171238329,-0.7890503180527735,-0.9939828025389337,-0.3339323114244455,0.8799226214227026,2.5736105221830616,1.0401203438485367,-0.48532505397594566,-0.01611588395615876,-0.23709667303739815,-1.5769052045829794,-0.6337191570766654,-0.46504876422192326,0.1463217713651407,-0.5024250095720881,-0.19145552050526018,0.6155069560663593,0.644152037927948,-1.2885717502036418,-0.9166819333844108,1.262429539402043,-0.5595112881283454,-1.271187771001564,-0.6081300138920466,-0.6660934378058179,0.3334925660812193,-0.36034761016764266,-0.4626900951893005,-0.40646187758576857,-0.11356079423937783,-0.599460527066742,1.1917984965584971,-0.11977340282862603,0.5218358221888999,0.4922246916993958,-0.1701006200043042,0.3283665894488483,-0.8928132534441342,1.3523813547728882,1.858963986377615,0.24402110248578615,0.7597788468719269,-0.545130696381695,-1.0226014790943385,-0.05877654122251075,0
1.002247731916455,0.10106966000564419,-0.3485121447078609,0.6398697184902545,1.6150426132597666,1.7606059158337288,0.7652066898868433,-1.0816695004154995,1.5139991554414294,0.33872160318760025,-1.8311617347934526,0.8328781000604628,1.5006961093078206,-0.7422813499479728,0.981156689865775,0.6351659851107289,1.7007362963298407,1.721443437433441,1.126205673691805,-0.150586753181221,1.1608777676911708,-1.6816371611621792,0.6637137188853827,2.8084305431203562,1.7967989582674109,-0.32752767139686184,-0.1945100486911918,2.3921502930867735,1.5926198959720326,1.5343317756468433,-0.03343671189549246,-1.210169756419843,3.0407592364020313,0.5810325111968347,1.8606925615308092,-0.36316814394160946,-1.1073128662275529,-0.0931141319717289,1.438329223332628,0.8236563093576986,0.5436584917499724,0.27086088017840904,-0.9815316160153706,0.5668231304414504,0.5816755413058166,1.7397332262442025,1.1413450097109619,-1.1934248600633053,-0.0911972307196646,0.3901851824577054,1
0.04788871095296325,-0.532443048511404,1.06980659200505,-1.4721534487596166,-0.42466092647598414,-1.009680768806879,-0.5900737970347621,-0.01647502279823626,-0.3299963450985127,0.1473874047973735,0.5834881273853357,0.14606829510406233,-0.6573560001816464,1.0132107224727505,-1.0018846769686123,-1.0426296789240246,-0.6435900797873098,-0.4948204000733551,0.39706911679851664,-0.5005763895225424,-0.13025746613297742,-0.42158611463654044,-0.27866576282357225,0.49442104562783395,-0.8573698709035311,0.9029676420113736,-1.0850169804483938,-0.7639380564890498,-0.7875053178547308,-0.7026034136965126,-0.525176957184745,0.9164962283525295,-0.6422542004615428,0.3254740468240815,-0.22556877807977238,1.9132470585930879,-0.45547907848196373,0.25988010828948915,-0.30749534310303267,-0.009336230721019783,-0.5686781155166383,0.2830479504995264,-1.14747530428508,0.40381198686781805,0.3271000145729305,1.271206873751663,-0.26743030564108133,0.7762843213216831,0.7462090759071898,0.6423604638367989,0
-0.02313999318336328,-0.6666987803974646,0.100549493861006,-1.1552759249357065,-0.6916549991310221,-0.588761992198944,0.40480880805529484,-0.9762743282682688,-0.5740262573063482,-0.4526414415851486,0.19278925233302133,-0.5522059327474614,-0.6729951771094376,0.7197525970977698,-0.6750521966561276,-1.0227364412665103,-0.6041063889447323,-0.5618065807390774,-0.7895383997799,-0.38959316440517433,-0.18465573668611762,1.1816495502183204,0.019514919313409203,0.17275765972339013,-0.3977013866767141,0.08851118080638394,0.25126892287972924,-1.6727604616573044,-0.6650745548325813,-0.6387109558877968,0.3055763629217531,0.328685338752953,-1.445187091587445,0.39746421154675465,-0.08924226890580589,0.08049793781713509,2.3257194934065715,0.6337213525894303,0.8117125943507778,0.2709573461314075,0.12717681835595046,0.23327138710374368,-0.3837903581306179,-0.9222734654785267,0.48016728203661413,0.034471568762526446,1.0432025234226932,0.629000865952323,-0.7662351671689027,-1.2576381452989296,1
0.11798282687696969,1.2539040507503458,1.8361299199666656,0.34101923187985617,-0.13444997793789937,0.29767622608796523,-0.05946974098673159,1.7490598619870452,-0.5897701226100796,1.009928871472249,1.2440134130206544,-0.03339470738114245,-0.42798140524071243,1.2622054955181887,-1.1195443698811067,-0.25542584590524564,-0.6304288495064506,-0.4576058552590652,-0.21104255559108803,-0.561250740434417,-0.04526016839369586,1.6375696924114926,0.9577558587961525,0.9948622751327287,-1.228070261409029,1.239760771098127,-0.8397809906990379,-1.9193401839897768,-0.8131303612779713,-0.6295834619151223,-1.5899291840874594,-0.8148922438982813,0.3163916185966146,1.1546925797886176,-0.046285124796656654,1.1117005298503064,-1.2851929017511723,0.8725891481538004,1.17829893236353,0.7071889196793597,-0.12764348750179658,2.0871648026654035,-0.8141025097569967,-1.3072276013237276,0.6243398724213687,-0.7898883117879139,-1.5206302258895599,0.46776316674639457,0.771286009878998,0.4994396544428756,0
-0.012236464039628935,-0.4578565307969259,1.4245859105057979,-0.5858666758403643,-1.1385798598796726,-0.6668131560732631,-0.8719572018102782,-1.1250255121418533,-0.29850861449105004,-1.0298191894012696,0.14046351013851482,-0.653357806875486,-0.8346000053632776,0.5107748411489201,-0.4626110844530125,-1.5541700758315344,-0.6666222327788132,-0.5394778538505034,-0.6868701953504863,-0.5520076401866887,-0.1676562771382613,0.19716264976822853,0.2637146158911095,-0.4100649470428978,-0.19010916799363503,-0.4846848177354974,-0.3918499481976632,0.0964490460781837,-0.2806989034839723,-0.7117309076691862,0.553925020876558,1.4965564218988507,0.13437665504869648,-0.8076231622101805,0.9400849872697447,0.5428078784557234,-0.31265788571772873,0.416933379773559,0.23290891878223438,0.22364378552700695,1.0372737884108592,-0.37879686267689255,1.3775596518404547,-0.7032777401971497,-0.535452323579916,-0.6111153555915076,0.7798713709504504,-0.202712372829804,-0.13101461822497748,-1.0714208679808301,1
-0.05771975703920643,0.08774384628448123,1.4955417742059476,-0.32031258657616896,-0.7496971888386391,-0.6277875741361035,-1.269910243846301,-1.142733986412518,-0.2906366818391842,0.2223910105951888,-0.03744401332280685,-0.4151614581223961,-0.5009642309037368,1.4200503962880644,-1.070519497834234,-1.4461782142621713,-0.6732028479192427,-0.5618065807390774,0.5115836525082474,-0.4314512040984589,-0.22477446121905853,0.6330423461507121,0.9294801044555767,0.2941078212495087,-0.7387457459417718,-1.0141624774055402,-0.7271726280590274,-0.6670674512870072,-0.31201840100126627,-0.6752209317784915,1.3064673182520492,-0.5827187303181287,-1.1377259668675852,1.049076048461427,1.8649554687712424,-0.34097215221109783,-0.7326106167330054,1.7131009461534057,1.715844402612545,0.3554332243665124,0.9447928115935484,-1.7676870556434465,1.3745410785188352,-0.16926105005703163,-2.212048968461501,0.31390629553151456,-0.35432403553590525,1.9880092481607652,0.4005993587468302,0.11366090800577183,1
0.1491357672876392,0.0321768905871951,0.4453949914437333,-0.8412071462867063,-0.7090676560433071,-1.188083429091037,-1.1538406065857947,-1.2312763577658423,0.18955120992462163,-0.7871575234434046,2.2753537916743753,0.3092164791815212,0.7345307463917502,0.8042329665239006,-1.1162760450779818,-1.2614552931566816,-0.5021068542680746,-0.24176149533618146,0.38917156261163866,-0.5308805539061664,0.08733561607958333,1.9106207665818784,-0.2503900084829964,0.23086900467955954,-0.6497776522204526,0.9758315401311042,-0.7021485474723584,-1.6375347870383798,-0.3689629419418009,-0.6295834619151223,-1.2242035025946585,0.7090860173052065,0.621575506109082,-1.6959335048813597,-1.1615448934896215,-0.25353806756470926,-0.5965579371168515,-1.2027924945905684,-0.7517923396598455,-1.972070244832933,-1.0843350154948204,0.28583605877387364,-0.9621816496744873,0.21201702925842864,0.38012523466630144,-1.9383182325295252,-0.08423270274433874,-1.582647918069286,0.31621869861731633,1.3849442569062327,0
0.054742357843310566,-1.8750003673720093,-1.517244198502405,-1.4565776800623897,-0.3550102988268441,-0.2514694625992081,0.30532054754628923,-0.9373156848728061,-0.30244458081698283,0.9724270685733414,0.08988195935049219,-0.32379847503901904,-0.07349339487745049,1.3333468592454563,-1.1456909683061056,-0.6419230346798087,-0.6764931554894574,-0.6250713069233705,-0.6394848702292185,-0.07664819887493937,0.012537994069015564,0.12952614515715355,0.44622175754391713,0.7299429084207796,-1.0204780427259503,-1.6294576170832655,-0.24170546467764945,0.4865733924827737,-0.8558387669833725,-0.6752209317784915,0.4537208715577846,0.23141764047702781,1.154496105492929,-0.9107511465524071,0.5738630546458091,-0.0031950593249809663,1.4169853826994083,0.5461038561625311,-1.5404367085773045,0.05551553374778031,0.39778970004462066,-0.844757173509551,2.0387725911873575,-0.04883755023179633,-2.445529115168359,0.08606918668337726,-0.9602489679728828,0.1509622460005738,-0.23695618158886006,0.02107197431435053,0
0.18651929578044263,-0.32733012479658924,0.22543181397326945,-1.3544414918838532,-0.5059199920666477,-1.8540271094329948,-1.0211895925737868,0.31467344606319586,-0.5031788634395573,1.0924328378498458,1.3566881778794915,-0.300957729268175,-0.34457246162582716,1.1288154385295608,-1.2633506612186,-0.6135041237405026,-0.48894562398721547,-0.19338258707760417,-0.13799017936246671,-0.3004632691592213,0.11793464326572477,1.0589018196278508,-0.3095120402860186,0.12490125799477994,-1.0501340739663902,0.8302656636652421,-0.4969510866616729,-0.9700082530097588,-0.3490323526126137,-0.6387109558877968,-0.4707848253260621,-0.3892191494767092,-0.333454583156806,1.3393558938100383,1.0132954632130957,0.8633266318961804,-0.941474429608531,-0.19777335184804848,1.4802674841895245,0.49024477745078504,-1.0047404746460837,0.08666882934087196,-0.479676103218146,1.9100758801069735,0.9200641747012429,-0.5834688179815326,-0.014548183979221438,-0.0359819137303144,1.220263384893661,0.032865246852406375,0
-1.8080758451178647,0.9401754429452941,-0.7054963457172274,1.7169011849828038,-0.9947147472046821,1.781819107158142,0.6121672150211904,2.289659383233847,-0.7708745603753295,-0.4536664908643854,-0.2988173746734294,-1.027669664493504,-1.0542475535610236,-0.11351574735192294,-0.06566355897157052,0.46706812690473326,-0.8082620769383912,-0.9897738461034152,0.7771085064584002,1.7330579120446095,-1.6206805601350405,-0.15720629086286728,0.27795531398627227,-0.3791213224250472,-0.36823960244089876,1.4930239417787263,-0.04166296446781773,0.6512021679696758,-1.027207383767113,-0.6924061774302406,-1.4429829921457258,-0.7808780984212271,1.9063752004913728,0.6546651268213117,-0.5078595333996813,-0.3183166520720847,-0.41833750303762485,-0.37644011146010176,1.480866618302328,0.4455009621776607,0.023948704828622377,-0.06440401003149768,0.03710641603926054,-0.19800681917421167,-1.7148301114805746,0.9827856482556535,-0.09372217909423013,-1.5959461367316543,-0.33101976144645406,1.9916659679131627,1
-1.8909426666102458,-2.1887289751770616,-2.3275473899026475,-0.9488533264770043,-1.2849256957427668,0.2765466610105603,0.3800279405001767,1.2136924865482535,-1.2825501827465982,-1.6637246644024717,0.008160312867674683,-1.2430252674757496,-0.8196598996441591,-1.1206106776160607,0.7023927697627683,0.4215978694018436,-0.7260043876830217,-1.0009382095477024,-2.095626829018466,2.0050691479063327,-1.6995580524370935,-0.7183387735621563,-2.199514870872544,-1.8900162912854535,0.31384911608921695,-0.9519646395722362,0.3512151007428851,0.6547247354315682,-1.0442907460492732,-0.7745536231843035,1.493989345192515,0.47759529191008665,-0.5221388691749591,0.3497776004030767,-0.9200440321539769,-1.3380338652956338,0.4205948343159022,0.34129608542863143,0.2620233879241,0.3909939506957513,1.4853509482457548,0.4779754061424174,0.26764320650957146,0.7304748317221882,-0.2663614272133971,-0.9858207761221505,1.087895327119153,-0.2614368325356796,0.09632284264754923,0.27886912679343795,1
-1.9086998426443273,-0.9617807587738969,-1.697459320245319,-1.0101350393841266,-1.2152750680936264,2.3616277530816547,-0.664598794844383,0.9108775765198852,-1.0818159001240235,-2.2285018160600205,-0.6180044020599184,-1.0733511560351927,-0.6215636585588068,-0.03125854554226928,-0.1048834566090688,-0.4224437854955476,-0.7589074633851696,-0.9897738461034152,-1.1656898235135835,1.7185330402267507,-1.6648791549594668,-0.7308640521938369,-1.883854631506843,-0.14445403823422728,-0.19030341499825992,-1.729179552849363,1.469791502966988,1.586443829102124,-0.7965819929579473,-0.6832786834575668,1.5331159105338807,-1.888776948558567,-0.4233755461799829,0.6604659191743247,0.9444735083232979,-0.2424024361955916,-0.38275598948567724,1.089021390560904,1.1981706645872443,0.21391398851837756,1.3195372731920734,-1.4191631371794888,-0.29116078814651775,0.3876113272848252,-0.5198815120767589,1.4334550917860547,1.0315181606887647,1.9352002222861904,-0.21595635351236023,1.9549153661346625,1
-1.654491848893264,-0.021244770394328386,-0.07966562788190784,-1.0305622770198337,-1.0063231851462056,-0.32862861317210634,-1.6992767041380423,2.607349411649574,-0.6724754022270087,-2.182249592484701,0.4749059332426716,-1.526903107770528,-0.2253711763881022,0.3844737987389532,-0.7454751180215388,0.2795033147053131,-0.5779405470233564,-0.5431993083319328,-0.4963721061756745,1.3844609884159933,-1.358888883098053,-0.1171253992414896,-1.878713585263102,-0.8935776410076063,-0.5758318211239777,0.9068743613488931,0.46882827950022926,1.1056133705538032,-0.7738041765817334,-0.6832786834575668,-0.6588206866062329,-0.9514042275412554,1.460174197324471,-0.10536683996583279,-0.406001351583653,-0.009691457979685653,0.1401393306709767,-0.6567068466109663,0.38730474277547255,-0.4226546544403853,0.22621851959508346,-0.89376942041114,0.5293242743706347,0.3209568997599871,1.7936140633360809,0.2515703339510082,-0.023609318937603953,-1.937246936008764,0.13945085231466373,0.9033167398307007,1
-1.8937464312472059,-0.44713378654399827,-1.4377608591027713,-0.823736495958297,-1.2501003819181966,0.34623520018405946,-0.6314360413413812,0.9958782530190766,-1.0109685062572324,-2.1932501213350473,-1.1656805036957518,-1.7879402022944622,-1.028182258681372,0.05989132673329289,-0.28790964558406035,0.9246125930275615,-0.6931013119808739,-0.8967374840676896,-1.3808981751060088,1.5411975597596175,-1.6172806682254688,0.30622901850906287,-1.863290446531879,-1.785757701805096,-0.5758318211239777,-1.0815004584517574,-0.2919037703345074,1.1707808685988137,-0.6826929110768781,-0.7197886593482615,-0.9572259217741323,1.5444114598679397,0.7186441629792556,-0.16629621492364732,-0.729729495477531,0.1689941430105455,0.221739062883883,0.6017912488652044,-0.38455158625469404,0.4362555441658542,-0.68373769076948,0.21855452513658202,-0.20250169040327692,0.8776695424082439,-0.5442213985905836,-0.766812244530783,0.6442638334010145,-0.5036998447761769,0.10660556203324104,-0.16925579669178673,1
-1.8460824324188816,1.216145558488863,-0.34929790994247656,0.4248784045243141,-1.3894016372164772,1.8041194396936617,-1.261528357898417,1.8653643397087183,-1.0070325399312996,-2.02849220059918,-0.6912604411322271,-1.318073432151381,-0.9395602560905567,0.6534770803326853,-0.6833769467621668,0.37612761189895383,-0.5384568561807797,-0.5952996710719387,-0.6661695211935512,1.4174720607293092,-1.5730820734010424,-0.7283589964675007,-1.4905645938606522,-0.9704897152143014,-0.6499718992250773,0.1992849507195085,0.05342854176152435,1.1936775571011147,-0.8022764470520009,-0.7197886593482615,1.320300692950008,-2.0699471028146976,0.0010995476729656283,0.48850471533628365,2.4528846747086437,-0.09503316403824873,-0.5447581697184981,2.21863120529592,2.497046761716315,1.822036917289724,-0.2033531849143422,-0.032110090910394476,-1.6700477056602239,0.6618350530562883,-0.8729284194998096,-0.03438764874237173,-0.1867408421700884,1.2755973293432865,0.047652217332745266,-1.7460864626714392,1
-1.6887600833450003,-1.6740820029471626,-2.2991650444225877,-1.3088833898063463,-1.5170944545732346,-0.1610973649990144,-0.3495526365658649,0.9746280838942788,-0.8495938868939861,-0.4161646879654778,-0.051142194952765854,-1.934773567964175,-1.0490344945850933,-0.8760622398035769,0.17619247645966798,1.313951672896055,-0.7720686936660287,-1.0493171178062797,-1.2249214799151686,1.556448675168369,-0.9441020701303589,0.5968154827640517,-1.8607199234100082,-1.4182889028175538,0.046944834925258916,0.5668428367901516,0.045921317585523654,0.2408230586592042,-0.9019293936979365,-0.738043647293608,1.453169531767611,1.5860519808749656,-0.4545838993729705,-1.1664933851140777,-0.5115331539812991,0.2199297452864784,0.2889981808609611,-0.11184881243705731,0.24854196875455237,1.8148310247571844,1.1339002517914183,-1.6116107282686691,0.5384138986993362,-0.9324023179498963,-0.7797342481572662,1.144393481680084,0.903367366766284,2.0134344263848285,-0.0963191206405332,-0.18129629028906688,1
-1.9476410181576642,-0.06495246977501253,-0.8914007086116194,0.19251857641814313,-1.151428659415248,0.7030405207523751,-0.3495526365658649,1.1269209626219958,-0.6606675032492101,-2.083494844850911,-0.799400308334207,-2.0163476600029044,-1.028182258681372,-0.964988944462662,0.4899516575596533,1.1064936230391205,-0.706262542261733,-0.8223083944391091,-1.469745659708386,1.7898369564235128,-1.6342801277733252,-1.7554318442653063,-0.9327610764147473,-1.778921072986894,0.10625689740613836,0.9117319545568751,-0.5721734729051998,2.3158090349242673,-0.7225540897352523,-0.7015336714029142,0.9373212945334513,-1.0853046627108076,-1.194766780378538,-0.6133508109266715,-0.16476242593700532,0.24651624974964206,-0.0027219089821540698,-0.060807292332975334,1.4717256530365208,0.6127303949755007,0.8257196215578413,-0.26651372011727975,0.32522488626755724,-1.3261797719506156,1.3243682608588205,0.18536770826965146,1.1107897967179845,1.8364544244897123,-1.4167800312195769,-0.8981611510326719,1
-1.1155459797886813,-0.5068030007155808,-1.3909299890606728,0.04442110355926501,-1.1456244404444862,0.9622818864777919,0.6784927220271939,1.0737955398100014,-1.3179738796799936,-2.033742453005027,-0.34765473405496866,-1.6443698003062985,-1.0021169638017204,-0.8093672113092634,0.7742959154315154,0.24540062157814574,-0.7885202315171026,-1.0567600267691375,-1.6059784694320312,3.9065069131533297,-1.1752947199812047,-0.09457989770446458,-0.8505043365148903,-0.73633517818503,-0.36823960244089876,0.027649990704144523,0.3387030604495506,0.39933859444436487,-1.3033884073287059,-0.6924061774302406,1.7424708452612752,-0.7904606514111371,-0.054022638007799634,-0.1466171858402599,-0.12627778566848763,1.0072262954640256,0.5556987560201474,-0.20936392968157538,0.34311465731853596,0.3052527078269258,-0.09956347949469532,-0.018616878840558532,1.1577294526192197,0.005090177473731598,-0.20346811401207007,-0.2431258678316597,-1.3019253301811755,0.36552090286741157,-0.4387144313814069,-0.28215487824997304,1
-1.8417210207613877,-0.027360864846915578,-0.3634890826825061,-0.2645408656808085,-1.56933242531009,0.49397490323187765,-0.7309243018503869,1.171192148298658,-1.0345843042128295,-0.9311894477771426,-0.6581208044090398,-2.296962536616134,-0.8405121355478804,-0.37362635847974657,0.0487278091377991,1.3366868016475,-0.7029722346915183,-0.9153447564748347,-1.29797385614379,2.5002352326060713,-1.165095044252491,-0.22985290692661464,-1.703918012975906,-0.5278179992244866,-0.33858357120045907,-1.0815004584517574,0.6515040677829127,0.9523816859614812,-0.3068589408693491,-0.7471711412662826,1.2659026294758333,-0.6152534804331369,0.4976866569042594,0.4721791236056213,-0.30189804594274844,-1.2020263335817372,-0.26723087397720224,1.4722642407120514,0.6380251252817932,-0.10949819731970357,0.610675606523038,-1.1187536502254574,0.27195177306666884,-1.176029159966607,0.44825154016060653,-0.9055818813953846,-0.7610028021945263,2.5480717283120224,0.7516454927986401,-0.6516974703382945,1
-1.716797729714603,-1.0885778388885095,-0.5891287292489821,-1.5655005626049197,-1.441639607953333,0.08420629289170263,-1.6395837478326392,0.7780640194898993,-0.3733419614561134,-1.8962358423756989,0.7070578094456316,-0.9656733545440698,-0.21494505843624132,0.08656933813101843,-0.34347116723718274,-0.4676298538890444,-0.6601982362787262,-0.5915782165905097,-0.326574691157798,1.4709499978768812,-1.51188401902876,1.8343130115740909,-2.019064147717233,-1.0422743178072165,-0.4275516649217785,1.1584976895223629,0.1660369044015347,0.011856173636194232,-0.8364431716163215,-0.7289161533209343,-0.2714828707514138,1.4903427853046824,-0.4411999207942499,-1.7984181735795655,-0.8639560231259885,-0.4898693259079401,0.5977569704635962,-0.9229552879527803,-1.8072782054418537,-2.207027638681457,-2.982128264014451,-0.2598560713779851,0.5888562687542929,-1.1968785848131716,-0.8930747349182083,-1.6266840534143392,0.23457708726918225,-1.9011391343066542,1.0299203434665047,2.5364063345902634,1
-1.9043384309868336,-0.805149071573493,-0.9155257022696702,-0.6501049760547845,-1.0991906886783924,0.5218503189012773,-1.045970460128905,1.4049440086714335,-1.0267123715609636,-1.626222861503564,0.3395566800995484,-1.1255585749399795,-1.1115912022962573,-0.13130108828374007,-0.30098294479655974,0.5040127111258312,-0.8148426920788208,-1.0307098453991346,-0.8616339873187813,1.5705113919738423,-1.1344960170663496,-1.186784194387009,-0.9173379376835241,0.37632616200532665,-0.7982520554272764,1.2179222464333432,-0.7290744581836143,2.5921368394724214,-0.9958878862498187,-0.738043647293608,0.3834260785685286,2.253433979300863,-1.5488372454615122,-0.2559299029209608,-1.7723403437490752,-1.0002380101671793,0.8570258663007856,0.01930783056445853,-0.9014936292088958,0.643078430225212,0.045496305708435304,-0.7151678332043849,0.20462340240871466,-1.894406263999716,-0.9544480067628192,1.5035869333373981,-0.6656959707898044,0.28189010119864155,0.34599163572212027,-1.2035492868146724,1
-1.775988316494875,-0.7342918797447389,-1.0389889051079306,-0.24922043745402786,-1.0643653748538227,0.49397490323187765,-0.8635753158623946,2.262742502342437,-1.042456236864695,-1.2012024286492775,0.3552544027579003,-0.6295880953445047,-1.1428695561518392,-0.21800462532634798,0.22848567330966557,1.541302960410504,-0.6766497741298,-0.8148654854762507,-0.38185757046594415,2.4342130879794395,-1.51188401902876,0.388895857478405,-1.2360828047954697,-0.5141447415877407,-0.2940995243397992,1.2011635498658053,-0.5096132714385274,1.2465160690295016,-1.3404023589400538,-0.7106611653755879,0.08670639993880612,0.28054072263023727,-0.2935739726286787,0.18423061741023974,1.8127078103533238,0.6702383639543501,0.17018230059626957,0.18340284156671066,0.4067941832552763,0.7887364188571125,-0.29069488281718264,-0.0378044585523837,0.3215637574423958,-0.40674768505531533,-0.12949362242105703,0.9883393912980835,-0.3958702445327293,1.0537243320046183,0.14972778204853504,-0.01672462770788902,1
0.08028776898005956,0.1832145889590132,1.0414242465249899,-0.6190609369983889,-0.5987874955988349,-1.330248049004975,-1.0709337228282898,-1.178150934953848,-0.2906366818391842,-0.5526462493155689,-0.6391900485596299,-0.49673555016112547,-0.3862769334332697,1.4734064190835154,-1.3156438580685976,-0.9943175303272043,-0.5712033132425849,-0.30502622152047487,-0.059014637493687086,-0.4886263813451221,-0.004461465478840752,-1.391042680728866,-0.5177244131575315,-3.2370109634400825,-0.8573698709035311,-0.008640683353256923,-1.2076349753230717,-1.707986136276229,0.5877053458591819,-0.6934759197238389,0.036421683668376274,0.25009495976028306,-1.9828837589163293,-0.7799446567684548,-1.9954970580349816,0.8867308084153471,1.3522983111290197,-0.3839314555499644,-1.1057216736917985,-2.619058773879839,-1.2453684418574245,0.7815629477458569,-0.9655096342205338,1.0806542930552785,1.5810091726223536,-0.8646361734000954,-0.2196190952470045,-1.2780881308820742,-0.10451567959874779,-1.0966634392909729,0
1.5852863202195044,-0.3086834953679697,0.7490860880803737,-0.9637705721009503,-0.4072482695636992,-1.087731932681198,-0.5403296667802592,-0.2962689162747401,-0.4834990318098932,0.47240302992123967,-0.41244516571676887,-0.24875031036338813,-0.46968587704815506,1.2644286631346657,-1.266618986021725,-0.9943175303272043,-0.5514614678212962,-0.4055054925190589,-0.011629312372418984,-0.9091874426167669,2.0252740045352033,1.7277516985595927,-0.6925199854447275,0.0035510964686613685,-1.1835862145483695,-0.2612355301683233,-1.3552770507844185,-1.6375347870383798,-0.42590748288233565,-0.6478384498604705,-0.35263388892299796,0.38624592968339433,1.2033238169958562,1.3346723015628206,-0.2499462320792264,0.8147373830979455,-0.2214750949465931,0.2697079586071478,-0.5006193381548373,0.5931653790705913,0.626223661482186,0.7538651248454631,-1.864768434732841,0.3429714165102091,0.7194539610930527,0.13657179278722048,-0.6066502433022721,-0.23162631214271495,-1.6043388125446734,-0.6711542577477272,0
-0.05398140418992609,-0.5361723743971278,-0.5494062176323644,-0.7467311722215598,-0.7903267216339709,-1.0403437260432187,-0.026306987483729807,0.07206734855508787,-0.9715588562255646,-0.15012689820062702,-0.033955630509839775,-0.6239911337415434,-1.0744007182560726,-0.3940543787572701,0.36754341554069875,-0.8635905400063962,-0.821266688578908,-0.9600022102519826,-1.6021967256096445,-0.44056226005693405,-0.24211390995787196,1.9857724383722122,-0.6076927224230001,1.1469772663415252,-0.9166819333844108,-1.1275063189251213,-1.4053252119577566,-0.49622292938522283,-0.8273664965131052,-0.6660934378058179,0.9342585602800274,0.8072851762544415,-0.9755266749096158,-0.9665725387725245,-0.05361019477866852,-0.6082026218043537,-1.0929145373577296,0.5612096031459156,-0.73807689077148,0.3774972312392587,0.24000077420970417,-1.3000039486001784,0.6017358584907578,-0.8275337933803145,-0.36074112828187854,0.5285192803014326,-2.0059054242197534,-0.8346907621514903,0.01643104017984515,0.8767496854978727,0
-1.8635280790488564,0.4516337519154626,-0.5422978592068834,-0.0015401811210764282,-1.4706607028071415,0.9260438461075723,-0.8967380693653964,0.6718131738659104,-0.9283132134126428,-0.9661911304827897,-0.8499818591222299,-1.91519578587488,-0.8509382534997407,0.3933664692048617,-0.47420415936217647,-0.15246413157213964,-0.7260043876830217,-0.8595229392533994,-0.7589657828893674,1.6459086811374555,-1.5934814248584699,-1.6141467012999497,-2.0930952136271044,-1.8199408458969606,-0.7389399929463967,-0.42086778216619913,-0.32193266703851015,2.2014841079485477,-0.6912345922179581,-0.738043647293608,0.40183370654863576,-1.3126481007252586,-0.15615540058126676,0.4299356481658596,-0.16049265455377873,-1.3777332158140534,0.13546959840964964,1.5566860499587136,-0.3469955924610274,0.2719375794379463,1.4030410475555046,-1.5727770038705124,0.6834280163167434,-2.761316244647074,-0.4962670415898326,2.0222878707727383,-0.3674924820462506,0.5439229263840291,-0.6727754314542631,-1.6682792529414239,1
-0.03435505173120429,0.15300704928464956,0.9335713337007628,0.5759324646904904,-0.06479935028875937,-1.9726091276906208,0.10634402652827776,0.9273866558281983,-0.5976420552619454,-0.24513146554452636,0.8991867719588574,0.012286784160545917,-0.6834212950612985,0.6975209209329987,-0.903834932874867,-1.7133159770916486,-0.699525308480961,-0.7218291234405251,-0.30383881728690454,-0.8530686196841298,-0.2438138559126576,0.5027794483812341,1.052865214305362,0.31974517931840696,-1.0353060583461704,0.6944149736153443,0.061085910421045046,-0.9893823740501672,-0.8558387669833725,-0.6204559679424486,0.7202204358706055,-1.2189203617501485,0.9074616081020014,-0.023059178237787113,2.4396787503883575,-0.9528399232158332,-0.464773931948238,1.6057967365376984,0.49913646096666753,2.2876506973183477,1.006663413106825,-1.5617495131140053,-0.44226290895292786,0.0071562054279465815,-2.225137216635856,-0.5715409231369742,1.0276183360794997,1.1594816740287044,-0.19182620957359314,0.3921741037612291,0
0.015178123521760248,1.5708967510368776,0.8030125444924874,0.6167869399619051,-0.0009529416103804365,0.3478519742928846,-0.15895800149573752,0.47050801964504607,-0.8613517990994454,-0.40763927810645945,0.28174301406368224,-0.01707988897339662,-0.5113903488555976,1.697946348347705,-1.1881791907467287,1.2820372359112142,-0.6435900797873098,-0.6808931241448059,0.7879980490489771,-0.41864290804089227,-0.21627473144513037,0.7282344637512338,-0.07045338995205934,0.43084039761696624,-0.041829011791435874,0.535409755940732,-1.252678320379076,-0.8696150803458235,-0.5995883327509662,-0.6204559679424486,-0.858662287825359,0.499154432610149,1.2866976553856342,1.6123257791081067,-0.7879236980802564,1.1715130781677543,1.0873109735314692,-0.4939512309258881,-1.2090148432320658,-0.3123935669470895,0.44633649774090695,0.9323738360302083,-0.15025181090315326,-0.21978038477344536,-0.33917730380738537,-0.24546068576313845,-1.6140039996712687,0.022227412113941063,0.50254181936728,0.3593330757531898,0
0.13355929708230443,1.0301444976069118,0.27226268401536824,0.5529518223503197,0.2254115982493257,-1.413874296013174,0.27215779404328744,0.3642571740210572,-0.6606175164768706,0.36239774141777725,0.6427906352057762,0.9422314334020612,-0.9492873028337449,0.8775974978676457,-0.4528061100436379,0.4152604522623783,-0.610687004085162,-0.5766923986647936,0.6695347362458073,-0.27603507564736757,-0.10305833085640731,0.04184919473538972,0.5130553587125509,0.3846931530929493,-0.7387457459417718,1.0195498790029425,-0.47192700607500393,-0.8819440664624473,-0.7220190957731161,-0.6295834619151223,-0.2687120893087896,-0.08750789130517361,0.4222801716059018,-1.0537449880217127,-0.20279389549830057,1.2832738717578498,-0.001870029205881511,0.5554215019538378,-1.3317362409280176,-0.9353172777238984,0.09963277198918104,0.8017174598889809,-0.3803357746899841,0.8705842834230367,-0.279148486754676,0.3882177181881052,-0.5617037475876383,-0.6212888549816865,0.42881232792981117,0.41963980579942217,0
-1.905896078007367,-0.15512756969181662,-0.8814668876935985,-0.4202985526530768,-0.9831063092631586,0.05911841878924294,-0.714342925098886,1.174733843152791,-0.5976920420342847,0.9814025000671466,-0.20811942153628515,-1.2071326669787088,-0.9916908458498598,-0.23801313387464207,-0.2029332007028141,0.03225878953335,-0.8280039223596798,-1.0418742088434216,-0.5615269282174178,1.7277761404744791,-1.5866816410393279,-0.7108236063831479,0.3267952533018123,-0.7688091650723012,-0.516519758643098,2.1504182225922963,1.584902273665665,1.7925140256228331,-1.1610270549773691,-0.6924061774302406,-1.6039337934435947,-0.6602742368516816,0.8353202273520127,-0.9057869471574436,-0.5016962882268856,0.2377102819740126,-1.475548132090404,-0.07541423600847506,-0.8036053247444395,-0.4283732256293129,-0.7137091700340746,-0.9305096960126368,0.01233751522544082,-0.47566052370419387,1.9001813304006445,-0.34370693792332635,-2.1503269431634737,1.0550575961017872,-1.5955724195124803,-1.6499211882435882,1
-0.05211222776528593,1.7312577641230058,0.5319611451579157,1.954771005100736,-0.5059199920666477,-0.12881763365384957,0.40480880805529484,0.05081717943029008,-0.9243272603143707,1.9649747852977635,1.038722084477541,0.2113275687350462,-1.0744007182560726,-1.3500164538424342,0.40349498837507186,0.14243890724503974,-0.7126865387618201,-0.6548429427748027,-0.6394848702292185,-0.5704938406821455,-0.27475287228975614,-1.0002539874204326,1.207096601617594,0.958969973836271,-0.6942616990811125,-0.08474297694497566,-1.4703878214830959,0.6274760909584721,-0.34333789851856034,-0.6295834619151223,0.9987603322559119,1.2393404033967044,0.6296819725739996,-1.032809038164101,0.6311203446581238,0.6295279247078126,0.8225237047432825,0.12061893392670336,-2.294324311308265,0.19440015854860623,0.38422716283211034,0.5316895639633168,-1.5179624939198382,-0.9915998065225773,0.4436721912840916,-0.13709816768277022,-0.9502323469254346,0.826215081773639,-1.18076206266414,0.4125141614895682,0
0.11798282687696969,0.6456509987887773,-0.5820459149344331,0.8287195304323688,-0.36081451779760526,-0.8535784410582408,0.8193432268428186,-0.09616315701622778,-0.77082457360299,0.7899182944653242,0.7404653539688546,-0.6305170611046418,-0.22988516415536014,0.7130830942483385,-0.3841712891780161,-1.4575457786378938,-0.7686217674554716,-0.9600022102519826,-1.5477036017201866,-0.8075133398917538,-0.17445606095740387,0.477728891117873,0.49763221998132773,-1.2202054620200837,-0.7684017771822117,-1.435153888763984,-1.1851133027950695,-1.05807243955707,-0.7248663228201427,-0.6204559679424486,-0.2554577967209341,0.26916347680547364,1.897057310952972,-1.4433774628015303,-0.4751251228320783,1.0843975075643686,-0.9318169456740641,-1.05516480869437,-1.335531855839128,-0.45103262005201966,-0.45338952156056195,0.16031345043963277,1.122248129005743,2.1812487271950998,-0.6753538028168995,-0.20540497635920668,0.7499415247651584,-0.007625535776561857,1.9512159259310569,1.6598760424571983,0
-0.01753246390944275,2.1936941739527698,1.211718319405349,1.3419538760295155,-0.07640778823028241,-0.19571863126040875,0.18925091028578253,1.136346652222043,-0.9085833950106394,-0.6501509368527287,1.9317480845971167,1.1380092542950122,-1.3037753131970067,-0.8609195782174661,0.2956402698719519,-1.7388929969370241,-0.7028156160511757,-0.7255505779219541,0.6300469653114174,-0.44861696170138315,-0.2536735424504143,0.162091869599523,-0.389198257064005,-0.3844275889739994,-0.8128858240428716,0.7517345734695325,-1.2701951767897441,-1.6375347870383798,-1.020977935710923,-0.6295834619151223,-0.5708846825043384,-0.004067880002876867,0.5189293231668928,0.6995464436947817,-0.9907683155775474,1.0311231011153472,-0.8732608853179907,-1.979772644711916,-0.9993769791027558,-1.0843881150045502,-1.0389301973182763,-0.4688491379395798,-0.11689262923130223,0.8916838333725866,0.5015209152948329,-0.32451647427236474,0.14517113801913525,-1.3686724391638945,1.5739315116488808,1.0359796495806899,0
0.09617576858950104,-0.5548190038257474,-0.8715458388310435,-0.9178092874206089,-0.6336128094234053,-1.1936585122249168,-1.4108519462340592,-1.2489848320365071,-0.23553315327612462,-0.8354098431733324,0.03755621715598576,-0.8262948819975922,-0.33935940264989706,0.9731937053761621,-1.3352538068873467,-0.8948513420396329,-0.5876548510936584,-0.44272003733334914,0.215425370500323,-0.40794732061137795,0.019337777888158065,-1.7868414854899717,0.01694439619153867,-1.033907326719423,-0.9611659802450707,0.5435057446207021,-0.8122545020537019,0.24580590646242398,0.35992718209704316,-0.611328473969775,-1.0654855960248057,-0.19325504160012583,-0.342763676616142,-0.47162219221821045,-0.38413713482658596,0.5704633496490112,-1.053158282869694,-0.2063475638396021,-0.854697018739835,-0.22897625612810918,-0.4211863501129106,0.49070781156772947,0.2868801357014038,1.155847781134777,-0.4183489013861589,-0.1190351779236993,0.5609319626891835,-0.6999410299699882,1.0740380858413028,0.32892573038010003,0
-1.8174217272410658,-0.49188569717268515,-1.2149594470843015,-0.7496877595288578,-1.4764649217779025,1.9100460192373803,-0.36613401331736606,0.6133752087727166,-0.7197069981382028,0.7313904807410958,-0.9284704724139894,-1.0961919018060369,-0.5173024790402002,0.7979829754036986,-0.5036190825903003,2.067052812787667,-0.7227140801128069,-0.8818516661419734,-1.0097131283227434,2.4276108735167767,-1.4812849918426183,-0.916238175942709,1.4886717043872917,-1.0012545448969794,0.2990211004689974,-2.45781853404667,0.05593094982019124,1.6498500434161882,0.27966983081815816,-0.7015336714029142,0.8809800729340753,-0.9976650450215843,0.4200159255306649,-1.6649703449292435,0.47502893957885584,-1.5985473411127342,0.969603560232835,0.1530334655094445,0.4146153854546935,0.24354789692788498,1.229706547108407,1.1438571071834072,0.6696815598055551,0.014291651327021317,-0.38878883911693396,-0.12932565566108778,2.1251766048897704,-0.7335139888238926,0.3774414214125955,1.5949658974448997,1
0.00022471212463886207,0.4267395692967841,0.6426522925301492,0.3869805165601977,0.022263934272666056,0.40360280563168394,0.8690873570973213,-0.3423109493784687,-0.794440371558587,-0.03512136931064363,0.30267331094148475,0.08407198515462815,-0.824173887411417,0.07948032355235798,0.1616389529438334,0.5914577000860761,-0.7093962311916052,-0.688336033107664,-0.4795593979449393,0.3564570698757655,-0.16425638522869007,-0.13350470610813814,1.469289960048388,0.38298399588835613,-0.0714850430318756,-0.12360372260883201,-1.1475771819150662,-0.8396732569197375,-0.6963940523498755,-0.6387109558877968,0.4657792755027387,-0.8463565924213179,1.2256490776047664,-1.9981061050369329,-0.23009739628773948,1.9618000411240828,-2.0616749868816155,-1.6553041291262454,-0.9067408637451053,-1.8159185355338843,-0.11901105327625278,-1.0666341687180776,-0.09097965956398356,-0.2752312583326413,0.777973630845987,-0.6185428048513278,-1.274183977224823,-0.03178759536518809,1.49140693945445,2.326955516155531,0
0.31736164550525464,-0.0345780427672628,0.9406669200707776,-0.8718480027402674,-0.32598920397303566,-1.1072447236497778,-0.8056316948042743,-1.0896085636005237,-0.3181884461207141,-0.6476508166594683,0.67418608052248,0.28637573341067685,-0.31850716674617563,1.28443717168296,-1.1849108659436036,-1.5882727689587017,-0.5843645435234437,-0.32363349392762,-0.1399645679091862,-0.3592229778769237,0.2743296711060028,-2.265307129220169,0.004091780582186024,1.9725001961600503,-0.9908220114855104,0.7493543527976213,-1.6770867271289815,-1.161988179682898,-0.1554209134147961,-0.6204559679424486,0.9667289078933019,1.3749528397025181,0.45897524827011077,-1.5491521204781245,-1.307414105578589,-1.9326308627059428,0.1648310350676829,-1.2402286432761278,-1.4563696326872082,-0.15590182600812652,0.48235423612736705,-0.46253495992172255,-0.9212752209938554,-2.5113626220495804,0.9938066869620995,0.5079426741911339,-0.4527100429137839,0.13810791502471437,-0.521647719910599,0.5722149101732033,0
-0.054292933594032804,-1.7556619390288446,-1.4505456866242643,-0.5884200805448281,-0.10542888308409089,-0.21523142222898853,0.5042970685643008,-0.7354390781872275,-0.7550807082992588,0.12238620286476842,0.0026723890263148655,-0.3629540392176092,-0.7876824745799048,1.326677356396025,-0.9986163521654876,0.5090428583620884,-0.7422993068937531,-0.848358575809112,-1.0027723628256058,-0.2146344811445999,-0.25197359649562867,-0.043322699960038104,0.479638558128234,-0.08361592096542186,-0.6052936053597927,-1.3380020246043431,0.5615675221544244,-0.1598177367744928,-0.9412555783941744,-0.611328473969775,1.6393505573290628,0.06541930631803579,-0.032337461306124755,-0.5472933164976571,1.520313380048621,-0.24472388436935844,0.19069808620721382,1.6880398906654899,0.13967943570289998,-0.015356663035398569,1.675317828667497,-0.7417725767688081,0.14023277706897994,0.13558128014964857,-0.9388579704532956,-0.40667715546384675,-0.10655120718850888,0.5104362234331388,-0.1300942290042345,-0.5625878815610239,1
0.3111310574231207,-0.43920990136830645,-0.16766367092555953,-0.33052620539402267,-0.639417028394167,-0.059129094480350426,-0.6398179272892649,-0.47689535383552134,-0.6881692807584006,2.2649892084890246,0.26953367421829744,-0.9078689740363216,-0.6677821181335073,0.5352296849301684,-0.6946621454748766,-1.1051512829904981,-0.6567513100681688,-0.6325142158862286,-0.9356431522371429,-0.5394634327076286,0.11113485944658227,-0.3790001672890771,-0.5742759218386831,0.37785652427457644,-0.6646056678406722,-2.520016371879974,0.5540602979784237,0.06245627007092145,-1.0038945734287628,-0.6843484257511652,0.501355768972919,1.216387828971081,1.018627267252212,-1.9769765245892659,1.2502539094137581,1.7055454092857123,-1.326156746616842,-0.19894866876034434,0.620626568184369,0.9431802090212903,-1.302108135627243,-2.1044146393583154,-0.3693065495145845,-1.1813817562238538,-1.5663992264856268,1.1795771516140954,-1.9007901852051803,2.2902883572255903,-1.4575555895592236,-0.7482321400056944,1
-0.006940464169815115,2.6561305837825335,0.35031413408553286,2.3377817107702485,-0.5755706197157883,-1.5532513743601724,-0.2584462620047429,0.12696361879414864,-0.5031788634395573,-0.39263855694689637,0.7073257172456674,0.5245720821637668,-0.7720432976521137,-0.038347560120929935,0.17144392735320801,-1.803972302988035,-0.6666222327788132,-0.684614578626235,0.7287663926473922,-0.13738857193144066,-0.25639345597807134,-0.2587574924249437,0.950044289430541,0.8991494716755084,-0.5163255116384732,0.850343715591568,0.48899768845308444,-1.0087564950905759,-1.117783655309832,-0.6387109558877968,-0.710621940964648,1.1172805390977212,1.2362898974343168,-1.537739750411821,0.6281533875770905,1.3270964008104023,-0.9753056585458344,-1.072940299693105,-1.6974625915728712,-0.5943572246000351,0.17472362283359874,1.5894048176963935,0.8278505705938274,0.7181984650170978,-0.23584140627960185,-0.47083316791994917,-0.2847313457258203,-0.24545087193020396,-0.02790869398759001,0.550030241998878,0
-0.026566816628536914,-0.28630754005362635,0.510674386047871,0.13419345081831938,-0.41305248853446097,0.9973491593898967,0.5374598220673023,0.5023832733322429,-0.7826324725807886,1.0749319964970223,0.8991867719588574,0.6681424841519304,-0.6834212950612985,-0.327359350262956,0.22046879940008027,2.0777667422117854,-0.623848234366021,-0.6064640345162253,0.2845289696355054,-0.02581114751243283,-0.18465573668611762,-1.7392454266895856,1.5978161161419144,1.7400548163353724,-0.24942123047451478,-0.0037830901452748514,0.6866879250877692,0.9357007438740624,-0.870074902218506,-0.6295834619151223,-0.4751201192412994,-1.3047766056202945,-1.231257382035594,0.0946160769735548,0.12637823436576284,2.1039241378529283,-0.2421927345453124,-0.888195451375818,-0.8551558505428798,-0.09877349068331039,0.4392861114887927,-0.2360225734928458,-0.4238434817820641,0.42821820686815865,0.25051159014294394,0.6513509478118644,0.5834782959331786,-0.4063111265118062,-0.41473620790639504,-1.8336166586735705,1
0.07218800447328547,-0.48396181199699334,0.3872111832096107,-1.0071784520768283,-0.4362693644175077,-0.4633226216866455,-1.321312511775954,-1.40836110047249,-0.24340508592799012,0.5474066357190549,1.6369797369013972,0.20806460505349653,-0.6729951771094376,0.9798632082255934,-1.1326176690936063,0.5545131158649781,-0.6008160813745176,-0.483656036629068,0.02785845856197091,-0.46722860427163065,-0.12345768231383493,0.05437447336707017,-0.8004819565632898,-0.536542580182796,-0.9908220114855104,0.4414962872530792,0.499007320687752,-0.15101131811976157,-0.37465739603585446,-0.6752209317784915,0.958657087314449,-0.3549029120452531,-0.6790192397853796,-0.1777932299258681,1.705745932446094,0.19699688221586212,0.4899560458819421,0.6369589268549005,1.4291823974622557,0.5240881628093049,1.64359005705508,0.7645982035965976,1.3598444861153265,-0.26213787025555674,0.1393627313077898,1.0411273907370573,2.989708438780151,-0.3067934284417186,-2.0500644544274738,-1.0091460014501337,1
0.08153388659648633,0.393175636325269,0.5759537806520086,-0.16455489960390063,-0.3550102988268441,-0.24031929633144822,-1.1704219833372955,-0.8806485672066792,-0.5425385266988858,-0.7899076556559912,0.030579451530051625,-0.39884663971465023,-0.5791601155426919,0.810902469373332,-0.7861752399623724,-0.10480561792692332,-0.623848234366021,-0.5804138531462226,-0.10837435116167425,-0.40689096629735183,0.2573302115581465,-0.01827214269667704,0.37167658700967177,0.006969410878018743,-0.5163255116384732,1.296432691857919,-1.125055509387064,-0.9400664295836729,-0.14118477817966213,-0.611328473969775,-1.2061116842524906,-0.24430933649514397,-0.11270764168215926,0.8852698684161364,-1.6836121001926085,0.005287916633833165,-1.639151451722977,0.3994279241556639,1.0002427207033875,-0.10302696639780692,-0.1488572750190424,0.5263923077741154,0.5807943535023823,1.400276939218075,0.8485684014777586,-0.42420378950335086,-0.25758106901799604,-0.07259604358700812,1.6186940558177927,1.0346457035509526,0
0.18340400173937565,2.0557091161809855,0.9491816237147955,0.8746808151127102,-0.2853596711777035,1.053099990728696,-0.7061434342952687,-0.5990838263031084,-0.7078491123880647,-0.6201494945336027,0.6846512289613813,0.43973502644348833,-0.6886343540372286,1.1510471146943324,-0.9953480273623627,0.8273346608823167,-0.6041063889447323,-0.5208705814433583,0.39114595115835815,-0.03307358342136235,-0.06905941176069468,-0.8912840633248118,1.649226578579325,1.0239179476108136,-0.8425418552833113,0.11927593779027021,-0.6596076104750213,-0.22674651855044964,-0.44583807221152283,-0.6387109558877968,-0.6595855390915945,-0.7866136952490834,0.5710362129446914,0.4878589267600773,-1.133860707340859,0.4184689072074099,-1.5363110410407652,-1.1539122489435127,-1.0948276621295812,-0.1821403101255638,-0.6433289114700929,1.1249373975368533,-1.4848653590761263,-0.7235220889450692,0.6276696088840571,0.33046725203773264,-1.4333465135338102,-0.35637996580043957,-0.25654869418469933,0.6120257808392827,0
0.9902651583757165,-0.7524732757691143,-1.6052294694905904,-1.244645089591926,-0.6916549991310221,-1.0459188091770986,-1.5866145397999694,-0.8611692455089477,-0.3063805471429155,0.2848940154267015,1.7433754126968937,-0.19654289145860127,0.526008387354537,0.9442925263619594,-1.4104252773592183,-1.6905808483402038,-0.5053971618382893,-0.1524465877818849,-0.3354290340344163,-1.9807268499070017,1.0359054588499659,-0.8466940713960289,-0.8493218958788299,-0.341698658859169,-1.4060064488516684,0.462545857821003,-1.6022647261748413,0.25831102095214226,-0.3604212608007207,-0.6204559679424486,-1.957231241283856,0.9252976749287003,0.455667381245063,-0.496489609662897,-0.5913315596120757,0.38237316543530375,1.215896638335424,-1.8894613625698582,-1.8212834161443678,-2.4503351949470358,-2.1920958476734005,1.318204341224504,-3.1301016024039954,0.39245544376151603,1.52701950807626,-2.1805188407905716,0.5302686472554724,-0.34160158783716127,1.3822192010244527,-0.783203358493957,0
-0.0284359930531771,-1.4051053057707974,-0.7722076296508341,-0.6777892452010474,0.03967659118495149,-0.32115800177270726,0.7530177198368151,-0.3671028133573994,-0.9991106205070944,0.9299250252879128,0.67418608052248,-0.3531651481729616,-1.0483354233764208,0.08392665878531214,-0.28612154508427073,0.7733387300976351,-0.7653314598852569,-0.9153447564748344,-1.378103625556982,-0.22057647416099677,-0.2455138018674433,-0.48446301336757686,0.3819586794971539,1.1811604104333895,-0.6052936053597927,-1.3056180698844628,0.48149046427708375,0.2986444183908109,-1.077922476651458,-0.6478384498604705,-0.32949954558785544,0.24320891074554296,0.5546018894710438,-0.6402693489804678,-0.41608457142292216,-0.22479901211521627,-0.1910537408137267,-0.2595173940081882,-0.6257391319169124,0.7579815535671767,0.8323272658764455,-1.279459573155359,-0.1780517618444866,0.10743613506617397,0.9911837825468216,-0.31634318808381484,-0.3188571358405586,0.9518555101558538,1.0975907864494134,0.4721686199783154,1
2.4575686517182507,0.015394924101437555,-0.4939187322188474,-0.8105662898331453,-0.4072482695636992,-1.4696251273519734,-1.286491620597802,-0.2803312894311418,-0.22766122062425878,1.01492911185877,0.5224414281584115,0.5147831911191195,-0.23509822313129036,1.646813493168731,-1.3417904564935965,-0.022390776202935635,-0.4823650088467859,-0.16733240570760102,0.7485102781145871,-0.28461795444882965,4.40859823314466,-0.5836632201307373,0.18145787599125257,-0.30067888594893166,-0.8277138396630914,0.3411060276214519,-1.4328517006030923,-0.45395211984251327,-0.5084770672461111,-0.6752209317784915,-0.3674438943341119,1.2907167871739977,-1.0374311788455084,-0.22048600181596933,-0.9597054610630011,0.8737258730083315,1.4378948185539262,0.6835211312910234,0.6417808711762742,-1.5690202934679152,-0.2816986643698938,-0.1574551818479139,0.6897898311481383,0.05051688954317475,1.313814482990457,-1.9333765636882687,-1.61599343329832,-1.3349469814744988,-1.6035588306514945,-1.0473811124598533,1
0.697427518515423,0.7579037079490667,-0.1591489672815415,-0.2590308736690471,-0.10542888308409089,0.6684192544909807,-1.2914660336232524,-0.45387433728365706,-0.4283955032468336,-0.6776522589785944,1.0805826782331462,0.1167016219701198,-0.2611635180109419,1.3355700268619337,-1.3417904564935965,-1.785784199986879,-0.5086874694085042,-0.19338258707760417,0.6892786217130022,-0.07664819887493937,0.8319119442756902,-0.2312018794352465,-0.7850588178320667,0.06849907024337466,-0.9759939958652906,0.38320516875729466,-1.6740838374585814,-0.8520022430363613,-0.431601936976389,-0.5748184980790803,1.0845266687399646,0.08487380180121977,-0.2023191180465955,0.3555302059060938,-1.8749618868851614,0.03117374201134373,0.7894434653961658,-0.9367472923605386,-0.7419591186558205,-2.5985597581000706,-1.6323031887092752,2.253027753944478,-0.4288380014284209,-0.3371651479106345,-1.2859195548275568,-1.2006133501053584,-0.7686690669498926,-1.9518680120236223,0.1817377413653801,0.526017861605443,1
0.07436871030203233,-0.8158718158264207,-0.24855335554372995,-0.8437605509911696,0.1557609706001854,-1.503075626155253,-1.3810054680813575,-0.5211665395121832,-0.676361381780602,-0.14512665781410602,2.3451214479337175,0.8117128861400946,-0.3132941077702454,0.8242414750721949,-0.8809566592529929,0.4834658385167129,-0.6732028479192427,-0.5990211255533674,0.2292460903273595,0.15640997165707093,-0.08265897939897975,0.08944525353577577,0.1763168297475115,0.7983091966045085,-0.9908220114855104,0.5030258012208518,-0.19916452768031223,0.11652768061097075,-0.6109772409390732,-0.6934759197238389,0.6991851837063534,-0.3987864846787417,-0.4255872864294257,2.0828784240223976,-0.7167205720554166,-3.7466738428390256,-0.892598085099509,1.9947408078078717,1.4614747794293128,1.6782464150382812,-1.3788053211758036,1.1785521996132764,-0.9351172878110791,-0.41808331694750606,-0.46401037981425797,0.5866110529443455,0.33916038671987675,1.0725789518068547,-0.37787213833628314,-2.457533625141302,0
0.10240635667163492,-0.5771949591400909,-1.0986046026715224,-0.14923447137712,-0.3317934229437968,-1.5198008755568928,-0.3579345225137488,-0.9196072106021413,-0.5740262573063482,0.1998899288558442,-0.8310511032728201,-0.007290997928749013,-0.21424598722756905,1.0309960634045674,-1.0018846769686123,-1.1108350651783594,-0.6073966965149471,-0.5469207628133614,-0.7421530746586323,-0.4464382309287043,0.1621332380901512,0.139546368062498,0.3819586794971539,-1.5278537588468633,-0.8128858240428716,0.07231920344644378,-1.245171096203075,-0.8625699454220386,-0.5540326999985388,-0.611328473969775,-0.7686270133004597,0.28245835255311297,-0.4472499992984146,0.7380215944164475,-0.2969483125744036,0.32949258104340323,0.9442778782494319,-1.1849530576273943,-0.8659035794428445,-0.8177774596593893,-1.3677155865410469,2.1698294466567316,-0.9408028462012729,-0.2412911436301677,2.5563355065752074,-1.045950898197808,-0.8971264417190772,-1.1389751708641143,-1.3819926270479572,0.24653943913072193,0
0.2737475289303173,-0.5958415885687104,0.05371862381890738,-0.8999354544893648,-0.7032634370725457,-1.6536028707700112,-0.6398179272892649,-1.3552356776604957,-0.6251938195434753,0.18488920769628114,-0.5170966501057818,-0.47063184070873204,-0.45404670012036397,1.1221459356801295,-1.2600823364154754,-1.4206011944167958,-0.5744936208127993,-0.46504876422192326,-0.8428468905413267,-0.6860325937787513,0.3457274012069994,0.387546884969773,-0.8467513727569593,-0.9740868245586601,-0.8721978865237513,-1.4837298208438046,-1.3352577863150834,-0.910124606157587,0.843955780091588,-0.6478384498604705,-0.7025596370436156,0.5988094999636925,0.8345445485029063,0.9773550800708497,-0.7217054498348636,-1.381225361298194,0.348239602495733,0.2864596945434127,1.222114164536196,-0.3134348006011085,-0.7888831125018678,1.616219570727402,-0.7930120289938982,0.7908480701721701,0.628962156698769,-0.5313707068282228,0.5873301718792147,0.42790313319831846,-0.29622110880844127,0.21668263798931275,0
2.984053344658566,0.38571698455382114,-0.7310532287047473,-0.32286599128063254,-0.45948624030055435,-1.4333870869817538,-1.1538406065857947,-1.2135678834951775,-0.6881692807584006,-0.8204091220137695,0.9689544282181993,0.8117128861400946,-0.6417168232538558,0.7486537761119725,-0.6129540253967555,-1.5541700758315344,-0.6139773116553767,-0.5059847635176422,-0.21104255559108803,-0.44742856309810375,3.6946209321346934,0.3224154360847836,-0.525435982523143,-1.7329526233978787,-1.1539301833079296,0.17270946307807272,-1.37029149913642,-0.03828915933920288,-0.4828520238228704,-0.6295834619151223,-0.5507599496135555,-0.0013044051843596979,-0.10914725952584352,0.06664841510424345,-0.16770377976541959,-0.4100832974363291,0.5481615487289758,0.9916677492692252,-0.630533388210646,-1.0926728077417354,-0.30387958050847147,0.8035515536402782,0.3981179123542432,1.3003642374818574,0.6972191908763666,-1.4787904779051915,-0.34901626381547196,-0.7118275336906825,-0.27292182953141925,2.443648249647796,0
0.6506981078994186,0.440911007662535,-0.025751943525260175,0.2031353778388316,-0.8367604734000645,-0.11487992581914974,-0.9714454623192839,-0.8664817877901473,-0.7078491123880647,-0.6426505762729473,0.26604529140533034,0.4266831717172913,-0.7303388258446712,-0.12727426478001502,-0.49529433248426114,0.05149839223926023,-0.7192671539022496,-0.706943305514809,-0.7875640112331805,-0.2945212761428244,0.7367149708076947,-0.07087831294973532,-0.8081935259289014,-0.23060344056060963,-0.1752811523734153,-1.1275063189251213,-1.0099447386883869,-0.16510158796733157,-0.5910466516098862,-0.6752209317784915,0.23565167666608236,-1.107688645243904,-0.19781390167456658,-0.47812660443294813,1.2404256924792654,-0.8425314456031568,-0.8468617405885098,1.1747872423605306,1.4909078625924153,0.062476760530179413,0.19391882131132063,-1.1785036695233004,1.0621695962769446,-1.0896421013398168,-1.8127305154216524,-0.2570221268805349,-0.3079434388937964,0.8790529263257865,0.16113591049684364,-1.6681822571191447,1
0.3111310574231207,-1.2820375515419087,-0.8445826106249866,-0.9944114285545115,-0.07640778823028241,-1.0793693079803781,-1.0709337228282898,-0.9868994128306677,-0.3339323114244455,0.9049238233553076,-0.5345385641706172,-0.01707988897339662,-0.5009642309037368,1.3978187201232932,-1.1489592931092305,-0.013865102921143804,-0.5975257738043028,-0.5283134904062163,-0.1399645679091862,-0.2218969170535294,1.345295622620951,-0.033302477054693684,-0.8621745114881825,-0.9211029512162703,-0.3532173398160543,0.32491405026151016,0.3263411646397361,-0.07703740142002001,-0.6309078302682605,-0.6569659438331442,-1.5445902618496945,-0.3557709547885027,-0.8877437003960402,0.41480681430213306,-0.6034219920870011,-1.9852230192540925,0.0707232018639153,1.793733120504585,0.5471130604920496,-0.47542659861297654,0.21852510339191886,0.2245262124391054,-0.5138752994085565,0.7751670879876124,0.39808248546642766,-1.0085531645061163,0.756499739503004,-0.5154938885729907,0.8124261839484003,0.640860915183658,1
0.052873181418670374,-0.532443048511404,-0.01156077078523024,-0.5271383676377058,-0.5001157730958864,-0.8312781085227211,0.22241366378878447,-0.7478350101766927,-0.7668886072770571,1.4399495447130566,-0.05663011879412587,-0.7447207899588628,-0.6208645873501345,0.7330916027966328,-0.773101940749873,-1.2870323130020571,-0.6863640782001018,-0.7329934868848121,-0.86851394164868,-0.8055326755529549,-0.25469351002328566,0.432637888043823,-0.16556274546126895,0.05824412701564442,-0.7239177303215522,-1.2732341151645825,-0.6245738976536847,0.41083819205208577,-0.818824815372025,-0.6204559679424486,0.5133650089510176,1.8270622500721703,0.02514613329245472,-0.672947628713014,1.1193337707074693,-0.5694407727973101,-0.5285939497258593,-0.3098381588231607,-1.4483644976676073,-1.5024091219471882,0.5355680133365968,-0.844427995300949,0.21119366126901257,-2.371668232653021,-0.39996357823093726,0.020546643447769297,0.8447037755947858,0.6626178533414081,-0.8473829270768327,-0.3067637660521954,1
-0.0349781105394177,-0.4056459683967912,0.23678475216529338,-0.5450122005689498,-0.4304651454467459,0.5931556321836017,-0.2750276387562441,-0.9780451756953354,-0.8692237317513108,0.4874037510808027,0.023602685904117435,-0.4412651675747895,-0.568733997590831,1.0643435776517243,-0.9365181809061154,-1.4461782142621713,-0.7225574614724644,-0.8334727578833959,-1.2507555642935744,-0.4912012449855607,-0.19485541241483145,0.252273875747623,0.7521140090465102,-0.6647293705272874,-0.575637574119353,-0.8603386924861088,-1.200127751147071,-0.9347825783908339,-0.31771285509531977,-0.6204559679424486,1.4470473875727403,0.2963199965740719,-1.4255439584714338,-1.255733664928425,1.056521647399033,-0.09042416554866882,2.2479507908719403,0.7554391498902938,-0.7182900527860026,-0.3765069856258449,0.8896757814787353,-0.37078677306615665,0.14235817382953386,-0.0037602578046026947,0.4584156952866076,1.6525033212132085,1.8338399459164796,-0.41527493601528964,-2.251586949597914,0.26420146586345833,1
-0.033731992922990915,-0.3161421471394175,-1.1624648800016568,-0.4684100594350472,-0.314380766031512,0.3422768911590047,0.37164605455229277,-0.6610634862504353,-0.8141202031882513,-0.15262701839388754,0.2067427835848897,-0.5293651869766169,-0.8763044771707202,0.16173752536201141,-0.20441342500614956,0.4777820563288517,-0.8311376112895523,-0.9116233019934054,-1.0225162482928005,-0.522891874406344,-0.2050550881435452,-1.168092721084952,-1.0027821262545005,-0.786079532053406,-0.7535737615619919,-1.3056180698844628,0.3813941419304079,0.6169083885727947,-0.8131303612779713,-0.6660934378058179,0.2239679585315069,-1.2645528480880146,-1.3943450779789766,1.498697512744462,1.8729640014511968,-0.24980556554410965,1.1349079524483854,2.199648006151449,0.7940891929051508,0.11457637216004754,1.1128044874506595,-1.7584220493976528,0.6948261209707487,-2.280814606147547,-2.8254856248895646,0.5686315709832636,1.196095408767083,1.4537363824270488,-2.053572917262893,-2.3494603814604624,1
0.020162593987467378,-0.20053304468197655,-0.7239576423347324,-0.2564774689645835,-0.6916549991310221,-0.5107108283246249,0.006855766019271976,-0.7797102638638894,-0.8023123042104527,-0.8419101556758098,0.6497674008317104,-0.2976947655866256,-0.7355518848206015,0.22620938623984788,-0.3776346395717665,-0.559508192955821,-0.6863640782001018,-0.7441578503290992,-1.2507555642935744,0.5611257182183241,-0.17105616904783258,-0.07588842440240753,1.8548684283289676,-0.5245784797506435,-0.42735741791715387,-0.7664252237984559,-0.884824335755042,-0.5067906317709002,-0.38035185012990785,-0.6843484257511652,-0.3892184637049522,-2.1413429267292856,0.1656084193444225,-0.4948457103293837,0.16099324845519652,0.4994243932751574,1.006087748328219,0.36951881033081757,-0.25514836677944996,-0.21192792733144497,-0.9282292117722167,-0.17463506524404449,0.9503204561352995,-1.088387698315245,0.9105850635087703,-0.9596385509130948,-0.8586280241158435,0.43991371733634166,0.09297020415539778,0.2571271921633118,1
0.3765522322855267,-0.4578565307969259,-0.23578130007770318,-0.6905562687233645,-0.314380766031512,0.2196250622136462,-0.8719572018102782,0.047275484576157115,-0.7196570113658632,-0.07512329240281176,0.6480232094252267,-0.3629540392176092,-0.7303388258446712,0.6019247134244824,-0.6619788974436283,-0.2753190835627599,-0.6764931554894574,-0.6548429427748027,-0.3591216965950502,0.23761720954782822,0.4885228614089924,-0.5240428938439379,0.8806401651400366,1.7315090303124063,0.01748305068944357,0.038316050990569506,-0.0565272683362991,0.8722945295599982,-0.44868529925854955,-0.6843484257511652,1.068841978183029,0.43157833633633025,-0.25994372055877746,0.38455649471602776,0.19001371160227118,0.8423861931401069,0.1340115677452133,-0.0881484056246525,0.4402724360152072,0.5876602788996523,1.7439184382830555,-0.26356230388568175,0.8947644943081711,-0.6713871942997195,-0.6043706910965234,1.4358235184430501,1.1581996913307353,0.7667869660236851,-0.3021875600530741,-0.1965182130606392,1
0.017047299946400408,0.985392586978225,1.7226005380464262,-0.03943806908519312,-0.4536820213297926,-0.3769088331115066,-1.3445264392280554,-1.0541916150591941,0.020304657909509766,0.7549166117596772,1.6230262056495288,0.06775716674688204,-0.5009642309037368,0.8842670007170772,-1.1326176690936063,0.04581461005139901,-0.49223593155743023,-0.30502622152047487,-0.4815337864916588,0.04219166145299792,-0.15405670949997624,0.9186186989527783,-0.7182252166634329,-0.5006502788863384,-0.6052936053597927,0.3605364004533785,-0.8673074793443737,-1.0017113601667909,-0.47146311563476345,-0.6934759197238389,0.18337765299828113,0.6655965979544388,-1.9254822385016266,0.4892610086535384,-0.1063092049059696,0.17368100295550837,0.10692529496252451,1.1602210084705316,0.4682132063890638,0.4305505017668628,0.7557907861417525,-0.5958681883332899,-0.16951586358606008,1.227682793316912,-0.41180093233770804,1.4529200003356173,0.9809750388824896,0.2323009621537508,0.6387570750928028,-0.7298953670737258,1
0.19274988386257655,-0.20053304468197655,-0.18469307821359546,-0.6420415793385597,-0.5871790576573118,0.35342705742676456,-0.623236550537764,-0.4892912858249865,-0.3103165134688483,-1.0326943276235192,0.10034710778939343,-0.2944318019050765,-0.34457246162582716,1.1866177965579663,-1.1424226435029807,0.49767529398636595,-0.6041063889447323,-0.5580851262576485,-0.872462718742119,-0.2885792831264276,0.03973712934558576,-0.6598169142111046,1.957689353203789,0.6894358826719204,-0.6497776522204526,-0.3211458464001018,-0.38434272402166253,-0.7498477866414798,-0.38604630422396125,-0.6387109558877968,0.68193020386996,-1.168627459316392,-0.1395121363987883,0.14430279566813434,0.7587868796803253,-0.8095314738168053,0.24977644927782697,-0.012020734959400701,-0.4974107135076488,1.2108596387714103,1.311809338826959,-1.8138211842797693,1.7009025862217575,-0.17345597451885486,-0.643543156549029,1.257045817485395,0.40513978150823354,1.4867211600768737,1.4822188612674192,-0.08845574199943397,1
3.2644298083545915,-0.8531650746836598,0.4170126459636734,-1.4803243438138995,-0.7729140647216858,0.5318297177109224,-1.3511589899286558,-1.709405163073792,-0.35361214305410965,-0.9739165018799647,1.0648849555747941,-0.39884663971465023,-0.43319446421664265,1.1999568022568288,-1.312375533265473,-0.2952123212202742,-0.5448808526808666,-0.2119898594847493,-0.8744371072888385,-0.035054247760161326,2.61005541298146,-1.1906382226219772,0.7264087778278049,-0.48355870684040614,-1.1391021676877098,-0.03778624260114924,-1.0124471467470537,0.15509979431869317,-0.260768314154785,-0.6478384498604705,0.2522827532154299,-0.3273511699757768,1.2875702264287334,-0.19333991867358638,0.41782151756393665,-1.796686981991693,2.547659425277946,0.22169532090009414,0.6309245520359621,0.3004947411198521,1.5283829011577355,0.9393978551831956,-0.3060728766866091,0.22600136996772133,-0.21334325621569383,1.0636831949231902,0.47236293556094544,0.8636719578196421,-1.2870283097020834,-0.8082877624005222,1
0.04134659346672262,-1.3379774398277673,-0.4361606591669257,-0.6931096734278281,0.4982098898751253,-1.4473247948164536,0.4711343150612987,-0.3139773905454049,-0.6488096174990722,1.0774321166902827,1.1608154829313893,0.45278688116968474,-0.8971567130744416,-0.7497611973936099,0.4852031084531931,0.5317779871135333,-0.7620411523150421,-0.8595229392533991,-0.32753147984753833,-0.44610812020557117,-0.09285865512769352,-0.5801561421138668,0.44108071130017606,-0.35024444488213513,-0.7684017771822117,0.9644971559791461,1.2297104738184859,-0.06470841530339637,-0.9013943997358003,-0.6295834619151223,0.41012382361406413,-0.8189879668737435,-0.3822218047006347,0.693426007193107,0.6951616643372938,-2.0375037299807124,1.1222973417281383,0.9178234824175018,0.9152125615218254,0.26157072137464193,1.1689686373764727,-0.7244374084852505,1.3631258860654525,1.1202811787076066,0.13216368215039143,1.499010611112346,0.9107014780545571,-0.12166984864057337,0.6293108446020531,-0.8831800279941078,1
